lon,lat,p_anomalous,label,nearest_gold_deg
-77.7514,36.0332,0.33782771535580525,1,0.13417741762308372
-77.6822,36.0593,0.355,0,0.16947780798677292
-77.6774,36.0949,0.405,0,0.15202230921808327
-77.6886,36.1307,0.26,1,0.11996022048996823
-77.6248,36.0939,0.27,0,0.19327187715754965
-77.5779,36.0536,0.25,0,0.2548199138607494
-77.6063,36.0265,0.255,0,0.25066540746580773
-77.5723,36.0159,0.395,0,0.2827599308600858
-77.5259,36.0071,0.265,0,0.3242834231039321
-77.4599,36.0143,0.255,0,0.3753326451296213
-77.6444,36.0005,0.46282771535580525,0,0.23345067873107092
-77.4033,36.0423,0.4664401555471928,0,0.4135693297380747
-77.3855,36.0503,0.36817226890756305,0,0.42710619112816195
-77.3517,36.1242,0.5042470401830248,0,0.43982115513013414
-77.3872,36.1915,0.35,0,0.39739240367676226
-77.3938,36.2184,0.47,0,0.3909389830907136
-77.4567,36.1956,0.378172268907563,0,0.3278104032821437
-77.485,36.1521,0.29,0,0.3037019962068096
-77.4774,36.0899,0.34,0,0.3271503973709931
-77.6833,36.1925,0.32,1,0.1016592666705771
-77.7275,36.2098,0.47018255729748937,1,0.05735144723543894
-77.807,36.2279,0.4,1,0.0337106288876362
-77.9226,36.2517,0.285,1,0.04844073079547808
-77.9374,36.2624,0.43,1,0.057662313515849134
-77.9217,36.2948,0.40282771535580525,1,0.09093690340010785
-77.8703,36.327,0.442806884635832,1,0.13814042275887115
-77.8481,36.3311,0.4397268258827096,1,0.1431759983377094
-77.8349,36.3694,0.36197127937336815,0,0.17401951758351608
-77.8314,36.4209,0.47772022621341514,0,0.22304175057598755
-77.839,36.4387,0.29,0,0.24207104432376447
-77.7897,36.4436,0.4687424017502966,0,0.24079767544559294
-77.72,36.4033,0.2823230769230769,0,0.2105407763356076
-77.6578,36.3635,0.6564725880007372,0,0.2045491786832734
-77.6029,36.3387,0.4014401555471928,0,0.22672813345502293
-77.7224,36.1842,0.39782771535580524,1,0.06477589443613295
-77.7333,36.1762,0.5015701171061018,1,0.0576630947834058
-77.7828,36.178,0.43515079227888215,1,0.02491337993930594
-77.8152,36.1816,0.5121729520791319,1,0.03740027406316913
-77.8523,36.1551,0.43644015554719284,1,0.025759336171569322
-77.8987,36.1799,0.365,1,0.04378870173913924
-77.9333,36.1969,0.455,1,0.00802660575835006
-77.9222,36.2097,0.36317226890756305,1,0.013444716434342035
-77.9708,36.2324,0.383172268907563,1,0.0437951458497407
-77.951,36.2326,0.315,1,0.03221612018849852
-77.8911,36.2552,0.5617847090989505,1,0.06665481527992335
-77.8802,36.2778,0.5401961440195115,1,0.09111218579311817
-77.825,36.2711,0.38919444444444445,1,0.07938905781025263
-77.7867,36.2704,0.2873230769230769,1,0.06757813625722539
-77.7593,36.2569,0.3736124401913875,1,0.059597302791319966
-77.7688,36.2303,0.3814401555471928,1,0.03157927326586176
-77.7298,36.2194,0.33232307692307694,1,0.05707896722962238
-77.9037,36.4727,0.4300525957385804,0,0.2696899152730822
-77.7213,36.241,0.4636124401913876,1,0.07375673867518828
-77.7046,36.2753,0.33232307692307694,1,0.10779787799395789
-77.6954,36.2834,0.4901507922788822,1,0.1200542898025672
-77.6987,36.3131,0.405,1,0.1396513175734447
-77.7196,36.3166,0.3023230769230769,1,0.13091874006420956
-77.7201,36.3066,0.42644015554719283,1,0.12206693450726193
-77.7446,36.2784,0.5191944444444444,1,0.08539742677621548
-77.8152,36.2915,0.34861244019138754,1,0.09382879355506975
-77.7577,36.3316,0.31732307692307693,1,0.1314856665192072
-77.7543,36.3404,0.584397832461907,1,0.14080152165371065
-77.7527,36.3484,0.34780688463583204,1,0.1489586670858693
-77.7065,36.3454,0.515,0,0.16245225914094977
-77.7344,36.3761,0.31595194721168096,0,0.18031943461535313
-77.7588,36.3827,0.475,0,0.18165715647890085
-77.8518,36.378,0.28361244019138754,0,0.18765057020962983
-77.8717,36.3794,0.48822486464614334,0,0.18562510713801256
-77.8945,36.3737,0.5246124244547558,0,0.173622747357599
-77.9259,36.3305,0.5391944444444444,1,0.1260090568173593
-77.9133,36.3331,0.43678470909895056,1,0.13007577176400076
-77.8834,36.4383,0.33,0,0.23907319464967233
-77.8152,36.4698,0.4550525957385804,0,0.2687075668826601
-77.7695,36.4164,0.29,0,0.21406129145644476
-77.736,36.4189,0.325,0,0.2214017761898026
-77.7329,36.4259,0.27998065210168105,0,0.22891522994331073
-77.7146,36.4286,0.38202215980024967,0,0.23629383508674168
-77.7022,36.458,0.5083230611864452,0,0.26806378438721984
-77.6541,36.4323,0.5,0,0.26387236024259664
-77.6662,36.3992,0.47874240175029653,0,0.22918928530801566
-77.6793,36.3471,0.6101961440195115,0,0.17848667877463434
-77.6684,36.302,0.41529434055981335,0,0.152616186887232
-77.636,36.3066,0.3265175213675214,0,0.18108962560014807
-77.592,36.3217,0.335,0,0.22616863288263545
-77.5543,36.2492,0.4828277153558052,0,0.2347492545249106
-77.6199,36.4106,0.6968373048375309,0,0.2650019405589329
-77.5876,36.42,0.325,0,0.29307307706441144
-77.5887,36.3748,0.7114401555471929,0,0.26052561582308714
-77.4759,36.2758,0.385,0,0.3170347055134536
-77.5449,36.244,0.375,0,0.24303728211943296
-77.5447,36.2278,0.305,0,0.24102380898989498
-77.5676,36.2181,0.415,0,0.2173649155222633
-77.5807,36.2204,0.325,0,0.20448365338090688
-77.6148,36.2073,0.5918241939978474,0,0.1696880976969194
-77.6151,36.1743,0.44178470909895057,0,0.17172164249156446
-77.6148,36.1431,0.46961242445475576,0,0.1798488101156074
-77.4282,36.2248,0.3773230769230769,0,0.3569049964626406
-77.4731,36.1856,0.323172268907563,0,0.3118080763867396
-77.9994,36.0482,0.3369712793733682,1,0.0810516045491982
-77.9865,36.0619,0.37,1,0.06848017669369423
-77.9886,36.1085,0.5196124244547558,1,0.0231613168882932
-77.9566,36.1277,0.36,1,0.03913326973305919
-77.9827,36.1452,0.36317226890756305,1,0.018559331884532418
-77.9129,36.1369,0.335,1,0.0713198597867414
-77.88,36.1312,0.38,1,0.05083675245331587
-77.902,36.0773,0.388172268907563,1,0.09643129886090111
-77.9222,36.089,0.34,1,0.08488787192526012
-77.9306,36.0865,0.2967847090989506,1,0.07915102526183686
-77.9279,36.0713,0.35,1,0.09072097221701544
-77.9455,36.0683,0.295,1,0.08081900024128083
-77.9306,36.0441,0.26732307692307694,1,0.1090980696437838
-77.9612,36.0301,0.393172268907563,1,0.10607195010934868
-77.9353,36.0165,0.39,1,0.12944593697756704
-77.8116,36.0124,0.45782771535580524,1,0.13069044111946596
-77.7985,36.0386,0.41,1,0.10793171637660327
-77.7674,36.0308,0.49322486464614335,1,0.12752466192858947
-77.7566,36.0454,0.5028277153558052,1,0.12128722686251484
-77.7427,36.1419,0.41244013981056105,1,0.07387499238578826
-77.7831,36.1149,0.47285948037441244,1,0.054276435033996276
-77.7743,36.1017,0.40678470909895054,1,0.06882327658576201
-77.8699,36.072,0.4774193090905879,1,0.08022218770390191
-77.8417,36.1073,0.46751922094258846,1,0.03629665824838525
-77.8409,36.1198,0.5178277153558052,1,0.024388509589564962
-77.8143,36.1049,0.3415175213675214,1,0.0401617156008051
-77.5979,36.4508,0.6438068688992002,0,0.3102703409931437
-77.5455,36.4329,0.34,0,0.3316714436004344
-77.5283,36.3351,0.5114401555471928,0,0.288253351238105
-77.5232,36.369,0.385,0,0.30958619559017536
-77.4681,36.3347,0.325,0,0.3427046169808558
-77.3834,36.3049,0.3,0,0.4138081953030958
-77.3701,36.2616,0.36,0,0.41847310128609894
-77.3501,36.2429,0.56,0,0.43617169841703646
-77.3672,36.2274,0.46782771535580525,0,0.4179510551488093
-77.4995,36.4066,0.5700525957385804,0,0.35027859269444384
-77.4485,36.384,0.5496124244547558,0,0.38165516438272246
-77.3718,36.3433,0.36317226890756305,0,0.4358748794092238
-77.3732,36.4037,0.5938068688992003,0,0.4576536009909706
-77.4016,36.392,0.43144015554719284,0,0.4270043893217018
-77.3723,36.4316,0.31,0,0.47135244191581827
-77.4016,36.4361,0.41,0,0.44828529587752464
-77.4668,36.4301,0.495,0,0.39054684034056286
-77.5101,36.4312,0.305,0,0.3569259089783221
-77.4499,36.4615,0.27,0,0.4228533676110437
-77.3988,36.4529,0.36817226890756305,0,0.4595981924464064
-77.5015,36.4591,0.36817226890756305,0,0.3817175952192973
-77.67,36.4911,0.4278277153558052,0,0.3101233988269843
-77.6346,36.4819,0.4714401555471928,0,0.3167212504711349
-77.9308,36.4535,0.46282771535580525,0,0.24873089152736877
-77.919,36.3861,0.44282771535580523,0,0.18198024178465128
-77.9362,36.3883,0.42317226890756304,0,0.18350596829531407
-77.9491,36.3679,0.5456345999916372,0,0.1637326919097102
-77.9374,36.333,0.3,1,0.1282280094207186
-77.9512,36.3121,0.5196124244547559,1,0.10855818900479369
-77.9601,36.2794,0.5364401555471928,1,0.0787991395892143
-77.9802,36.3105,0.435,1,0.11506919831127503
-77.9745,36.3188,0.44,1,0.12074124564539485
-77.9918,36.3389,0.345,1,0.1409810643313523
-77.975,36.3479,0.295,1,0.14866098479426537
-77.9793,36.3783,0.325,0,0.1791357764378772
-77.9516,36.4044,0.403172268907563,0,0.20031249187207853
-77.972,36.4542,0.4,0,0.25217089126225567
-78.2282,35.8652,0.41817226890756304,0,0.3497220018814913
-78.2224,35.907,0.35,0,0.3152011779800272
-78.2423,35.9866,0.40678470909895054,0,0.282130201502777
-78.1546,35.9935,0.4646124244547558,0,0.20657605524358374
-78.2437,35.7639,0.375,0,0.4397869468276657
-78.2296,35.7349,0.41317226890756303,0,0.45687966314993445
-78.2143,35.7267,0.403172268907563,0,0.4565610261509349
-78.2082,35.7009,0.398172268907563,0,0.4767540231607935
-78.2295,35.5012,0.40678470909895054,0,0.6690499044167046
-78.2258,35.5348,0.43,0,0.6362852745427982
-78.1966,35.5173,0.355,0,0.6430956745306258
-78.1786,35.5155,0.315,0,0.6395191526451691
-78.1422,35.5421,0.35178470909895054,0,0.6043863653326416
-78.135,35.5246,0.4014401555471928,0,0.619780247023088
-78.1132,35.5061,0.4691077860220275,0,0.6335477082272455
-78.1271,35.5615,0.3,0,0.5820462753080679
-78.081,35.5675,0.295,0,0.5677192216227983
-78.0775,35.5827,0.4114401555471928,0,0.5521742791909051
-78.1371,35.5851,0.393172268907563,0,0.5614278462990613
-78.2193,35.5531,0.37,0,0.6168706433280795
-78.2466,35.5645,0.4750525957385804,0,0.6166869599723956
-78.2328,35.6132,0.36317226890756305,0,0.5665875842268319
-78.2375,35.5928,0.33,0,0.5871229297174481
-78.164,35.5941,0.295,0,0.5600418150459849
-78.2453,35.6626,0.4564401555471928,0,0.5277121474819392
-78.2389,35.7123,0.5614401555471928,0,0.4810946919266508
-78.2096,35.6696,0.285,0,0.5056449610151308
-78.1783,35.6452,0.315,0,0.5162289710971216
-78.15,35.6159,0.275,0,0.5351284468237474
-78.1587,35.6606,0.335,0,0.49514852175887053
-78.1685,35.68,0.28,0,0.4802011189074808
-78.1342,35.7779,0.29,0,0.3765044735457982
-78.1659,35.7542,0.328172268907563,0,0.41055431138888077
-78.2008,35.7762,0.32,0,0.40670868026143286
-78.2043,35.771,0.34282771535580525,0,0.412960446774263
-78.1607,35.774,0.315,0,0.3903652630550002
-78.1449,35.7808,0.245,0,0.37780460902429575
-78.141,35.822,0.3,0,0.33852298976583317
-78.236,35.8111,0.5564401555471928,0,0.39678782062961293
-78.1782,35.805,0.373172268907563,0,0.3705268392437987
-78.2334,35.8544,0.365,0,0.3612996853029359
-78.1949,35.875,0.5067847090989506,0,0.3210342389839438
-78.2051,35.8721,0.5305643716664368,0,0.3296190021828191
-78.1967,35.8604,0.38,0,0.33378004523937893
-78.1847,35.8323,0.343172268907563,0,0.3502922474163578
-78.1757,35.8485,0.44961242445475585,0,0.3317865859253502
-78.1625,35.8721,0.345,0,0.3047857519635637
-78.1532,35.8537,0.378172268907563,0,0.3158154185596328
-78.1005,35.8571,0.35317226890756304,0,0.290499939070556
-78.0953,35.8445,0.31197127937336816,0,0.30062842613432256
-78.0629,35.8204,0.36,0,0.3154133836729178
-78.0686,35.794,0.165,0,0.3424208618060551
-78.0232,35.795,0.45782771535580524,0,0.3351328670840838
-78.0026,35.8296,0.48678470909895055,0,0.29967296608135985
-78.0597,35.8488,0.325,0,0.28696699914798823
-78.1698,35.9187,0.31,0,0.2711854173807957
-78.1479,35.9405,0.255,0,0.24047981744836883
-78.156,35.9661,0.403172268907563,0,0.22649828829375615
-78.1426,35.9554,0.285,0,0.22555794510502214
-78.1274,35.9586,0.305,0,0.21362640894795398
-78.1403,35.9929,0.338172268907563,0,0.19643856698723441
-78.0808,35.992,0.323172268907563,0,0.1598336966975343
-78.0524,35.9753,0.37,0,0.16298442440920807
-78.0898,35.9527,0.388172268907563,0,0.1985812946880911
-78.0482,35.9246,0.335,0,0.2105067661620393
-78.0477,35.9148,0.4272248803827751,0,0.21993457799991348
-78.0443,35.8961,0.5446124244547558,0,0.2375310308149259
-78.0137,35.9537,0.33,0,0.17617360358464698
-78.0004,35.9395,0.31782771535580523,0,0.18975600807352233
-78.1266,35.6206,0.36317226890756305,0,0.5244374763496541
-78.1018,35.6353,0.45282771535580524,0,0.5045563106334089
-78.0559,35.6079,0.315,0,0.5244577796162405
-78.0129,35.5975,0.295,0,0.5319345284901165
-78.1329,35.6849,0.325,0,0.46411809122248293
-78.0283,35.6425,0.4600525957385804,0,0.4876376837366044
-78.06,35.6355,0.305,0,0.4975173309544086
-78.0612,35.6559,0.4064401555471928,0,0.4774335122297095
-78.013,35.6614,0.305,0,0.4680627250700473
-78.0174,35.7791,0.5370747555388301,0,0.35063890628394223
-78.0526,35.7808,0.5495522835027006,0,0.3525651239132982
-78.0287,35.7741,0.5364401555471928,0,0.3563988756996873
-78.0763,35.7398,0.3936124401913876,0,0.39706877313633887
-78.0979,35.7325,0.48644015554719283,0,0.40891752542535564
-78.168,35.7319,0.5496124244547558,0,0.4318393388750009
-78.1403,35.7195,0.47178470909895054,0,0.4334649358367989
-78.1064,35.7047,0.48015079227888224,0,0.43795102762751337
-78.0487,35.7032,0.34,0,0.4289517905312861
-78.019,35.7233,0.255,0,0.40644780058452495
-78.0612,35.6806,0.43780688463583206,0,0.45295624358209274
-78.0999,35.679,0.4123230769230769,0,0.46144131002761085
-78.0217,35.5592,0.38782771535580524,0,0.5705061775300965
-78.0497,35.5784,0.32732307692307694,0,0.5531883753297754
-78.0609,35.5494,0.45782771535580524,0,0.5831562934582809
-78.052,35.5182,0.5546124244547558,0,0.6133537108390222
-77.6984,35.9698,0.4178277153558052,0,0.21669448400916622
-77.7196,35.9983,0.27,0,0.18117878297416662
-77.7669,35.9774,0.41,0,0.17614391672719956
-77.4735,35.9966,0.29,0,0.37312283835219673
-77.4534,35.9753,0.39484987515605496,0,0.40170189755588753
-77.416,35.984,0.26,0,0.42853280446192493
-77.4128,35.9529,0.27,0,0.447871475425705
-77.4749,35.9484,0.44,0,0.40069778200034734
-77.5394,35.9752,0.325,0,0.33446790055250447
-77.6113,35.934,0.265,0,0.3018408908680222
-77.554,35.9309,0.35,0,0.34753825026894297
-77.4889,35.9084,0.385,0,0.4135041709584066
-77.4013,35.9044,0.3578277153558052,0,0.4856613722543669
-77.368,35.9147,0.295,0,0.5064090545201608
-77.3934,35.8711,0.265,0,0.5128051857187116
-77.3685,35.8392,0.37,0,0.5520580000326084
-77.4139,35.8361,0.27,0,0.5165132131901375
-77.4436,35.8642,0.255,0,0.4759702631467633
-77.4758,35.8474,0.41,0,0.460750369940161
-77.5279,35.8535,0.34,0,0.4177507383596116
-77.4893,35.8086,0.34,0,0.4767068946428207
-77.5526,35.7617,0.435,0,0.4706789047747981
-77.5656,35.7822,0.4078277153558052,0,0.44645986538545274
-77.572,35.8402,0.38,0,0.3970337459209195
-77.6129,35.8963,0.26,0,0.32786494079117956
-77.6671,35.9072,0.255,0,0.28572390764512057
-77.7319,35.9333,0.3728277153558052,0,0.23049524810720107
-77.7562,35.9078,0.33,0,0.24539553255917038
-77.7964,35.8739,0.395,0,0.26998296131423005
-77.7619,35.8415,0.315,0,0.3079359014470369
-77.7349,35.8774,0.45282771535580524,0,0.2810273285643243
-77.6945,35.8742,0.26,0,0.3000274910737319
-77.6522,35.8623,0.40282771535580525,0,0.3313626825700266
-77.7027,35.8379,0.26,0,0.3295435136670179
-77.703,35.8143,0.37,0,0.3513134717029767
-77.7299,35.7919,0.29,0,0.3639631291765721
-77.6598,35.8193,0.42063459999163727,0,0.3647382943975041
-77.6202,35.7816,0.365,0,0.4169381577644386
-77.6705,35.7573,0.3,0,0.41632710144788687
-77.7077,35.7472,0.28,0,0.4131502237685476
-77.6926,35.7225,0.34,0,0.4412749612203307
-77.6387,35.722,0.265,0,0.46139909774510823
-77.5994,35.7236,0.265,0,0.4776508969948676
-77.8005,35.5223,0.34,0,0.6201649420920217
-77.8071,35.5731,0.335,0,0.5691218423149875
-77.7412,35.5473,0.37,0,0.6010859068386156
-77.7638,35.5798,0.33,0,0.5658675316715059
-77.683,35.6043,0.255,0,0.5572620168287062
-77.709,35.6112,0.275,0,0.5442331443416548
-77.7161,35.5095,0.265,0,0.6424755648271763
-77.6337,35.5822,0.26,0,0.5930733237973188
-77.6553,35.5318,0.2878277153558052,0,0.6345498431171555
-77.6283,35.5086,0.41565543071161054,0,0.664583180196431
-77.5622,35.5302,0.3541944444444444,0,0.6677236909081469
-77.3557,35.9724,0.255,0,0.48674554389331776
-77.9965,35.8207,0.5401961440195115,0,0.30855925622155306
-77.9915,35.8961,0.4517847090989505,0,0.23326708854872977
-77.9954,35.9046,0.49141932482721956,0,0.22467710742307193
-77.9596,35.9463,0.40282771535580525,0,0.18712136863543932
-77.9433,35.9977,0.3269712793733682,1,0.14281334181371252
-77.9628,35.9825,0.41280688463583204,0,0.15112263430737075
-77.898,35.9614,0.465,0,0.19264858006225005
-77.8792,35.9262,0.305,0,0.22103381506004915
-77.8572,35.895,0.44599998426336823,0,0.24821520380508472
-77.8531,35.8461,0.41678470909895055,0,0.29653015259835064
-77.9648,35.8595,0.5296124244547558,0,0.2718955509014472
-77.8717,35.9434,0.38232307692307693,0,0.20263061812076277
-77.8576,35.9373,0.34232307692307695,0,0.20626859043490092
-77.8615,35.9902,0.36377966256748623,0,0.15473433814121731
-77.8216,35.9826,0.335,0,0.15938598244513585
-77.801,35.9815,0.4201825572974894,0,0.16290118293002473
-77.8955,35.9935,0.38,0,0.16196609336525122
-77.7878,35.9996,0.33,1,0.14835876583471494
-77.9424,35.9505,0.26782771535580524,0,0.1874638167753978
-77.4097,35.5901,0.3,0,0.6936835354828602
-77.4836,35.5677,0.25,0,0.6706068083459948
-77.5718,35.5644,0.26,0,0.632566015052978
-77.5048,35.5292,0.275,0,0.6936484869153797
-77.4337,35.5147,0.425,0,0.7419295568987684
-77.3785,35.5535,0.395,0,0.7417103177117055
-77.422,35.6216,0.44,0,0.6612415711372073
-77.5081,35.6087,0.255,0,0.6228449336712976
-77.5265,35.593,0.42063459999163727,0,0.627218283693961
-77.5488,35.6079,0.26,0,0.6035074012802166
-77.6063,35.6271,0.285,0,0.5612728243911339
-77.6483,35.6139,0.25,0,0.5583356547812419
-77.6779,35.6493,0.2378277153558052,0,0.515483869194766
-77.6338,35.6649,0.25,0,0.5157386774326712
-77.602,35.682,0.27,0,0.5133003559320773
-77.57,35.7063,0.4,0,0.5073038294750055
-77.5357,35.7163,0.24,0,0.5174738518997846
-77.506,35.6855,0.34,0,0.5597455630909484
-77.552,35.6583,0.325,0,0.5578154671573747
-77.5221,35.6456,0.365,0,0.584066410093923
-77.4005,35.6652,0.375,0,0.6417181276853625
-77.4385,35.6748,0.245,0,0.6095293556507342
-77.4178,35.6894,0.345,0,0.6121699301664544
-77.4813,35.7217,0.4020221598002497,0,0.546097119018219
-77.4931,35.7674,0.435,0,0.503807037862712
-77.4638,35.7753,0.3541944444444444,0,0.5182527022601955
-77.3734,35.7941,0.3578277153558052,0,0.5740999210938776
-77.3863,35.7475,0.275,0,0.593752830224828
-77.9941,35.6204,0.35817226890756304,0,0.5088725445531548
-77.9526,35.6069,0.37,0,0.5243970695951643
-77.9329,35.5857,0.365,0,0.547541124117628
-77.9215,35.6134,0.27782771535580525,0,0.5216228854258617
-77.8907,35.591,0.345,0,0.5490156087034315
-77.8741,35.5966,0.295,0,0.5469091253581344
-77.8445,35.5913,0.3814401555471928,0,0.5506339032424405
-77.8445,35.5913,0.33,0,0.5506339032424405
-77.7967,35.595,0.325,0,0.5477796157215081
-77.9299,35.6422,0.5114401555471928,0,0.49191190532451684
-77.9299,35.6422,0.245,0,0.49191190532451684
-77.9718,35.6449,0.29908585931547355,0,0.48510698881793
-77.9718,35.6449,0.325,0,0.48510698881793
-77.996,35.6625,0.365,0,0.4667589469951248
-77.8888,35.6474,0.365,0,0.49426635592562973
-77.8516,35.6539,0.265,0,0.48831607735154686
-77.8168,35.6979,0.395,0,0.4440543473495155
-77.8097,35.643,0.37,0,0.49917400513247967
-77.7999,35.6296,0.4,0,0.5130496656270215
-77.7549,35.6374,0.338172268907563,0,0.5099505460336338
-77.7222,35.6674,0.315,0,0.4865049304991684
-77.7068,35.6505,0.34,0,0.5065287784519259
-77.7616,35.6834,0.315,0,0.46346552342110875
-77.7577,35.7055,0.5296124244547558,0,0.4422448048309905
-77.7867,35.6779,0.32,0,0.4658917979531309
-77.7902,35.7055,0.335,0,0.4380863697948168
-77.8243,35.6818,0.3,0,0.4599887426883394
-77.7486,35.7715,0.3,0,0.3791504337331021
-77.7809,35.7601,0.383172268907563,0,0.38482998765688725
-77.8145,35.7481,0.4828277153558052,0,0.3939657540954554
-77.8911,35.7422,0.5596124244547558,0,0.4017790270783226
-77.8602,35.7597,0.5400525957385804,0,0.3832205727776108
-77.8753,35.7794,0.5696124244547558,0,0.3651372665176745
-77.8326,35.7737,0.46178470909895053,0,0.3680573751468686
-77.8452,35.7918,0.42178470909895055,0,0.35026833627948734
-77.789,35.8167,0.36,0,0.32765945034441274
-77.7495,35.8161,0.355,0,0.33551708659918084
-77.8064,35.851,0.32,0,0.29172819438649
-77.8361,35.8386,0.6247423860136647,0,0.30320605435908005
-77.8394,35.8218,0.35,0,0.3200802390026587
-77.8686,35.817,0.49178470909895056,0,0.32700420700657845
-77.8874,35.8344,0.325,0,0.3126145540437934
-77.9185,35.8112,0.4517847090989505,0,0.3280523656369529
-77.9621,35.8071,0.4850525957385804,0,0.32424393070649776
-77.9359,35.8029,0.397806884635832,0,0.3323733782961544
-77.9491,35.7862,0.378172268907563,0,0.34664440944575875
-77.9596,35.7515,0.385,0,0.3797877915362734
-77.9955,35.7124,0.4564401555471928,0,0.4168637842269308
-77.9955,35.7124,0.25782771535580523,0,0.4168637842269308
-77.8792,35.5193,0.48015079227888213,0,0.6215824149700493
-77.8287,35.5511,0.4828277153558052,0,0.590652086595827
-77.8802,35.5685,0.345,0,0.5731735152639197
-77.9148,35.5475,0.29,0,0.5877960450700567
-77.9761,35.5838,0.4996124244547558,0,0.5459258984514315
-77.9824,35.5124,0.34,0,0.6170703708654302
-78.1362,36.0273,0.22,0,0.17101999473745835
-78.2461,36.0468,0.44097915354339506,0,0.26059698117974817
-78.2461,36.0468,0.265,0,0.26059698117974817
-78.2062,36.0417,0.27,0,0.22503874910778576
-78.2062,36.0417,0.24,0,0.22503874910778576
-78.1946,36.012,0.5332248646461434,0,0.22814461773181544
-78.1946,36.012,0.33,0,0.22814461773181544
-78.1362,36.0273,0.40678470909895054,0,0.17101999473745835
-78.0993,36.0704,0.4614401555471928,1,0.11638509612488733
-78.0993,36.0704,0.19,1,0.11638509612488733
-78.1261,36.056,0.4901961440195116,1,0.146792188484258
-78.1261,36.056,0.235,1,0.146792188484258
-78.1378,36.0713,0.42178470909895055,0,0.1505130911249868
-78.1378,36.0713,0.24,0,0.1505130911249868
-78.1804,36.0605,0.32,0,0.19409390150131267
-78.1804,36.0605,0.24,0,0.19409390150131267
-78.2,36.0791,0.25,0,0.20726855670844088
-78.2,36.0791,0.235,0,0.20726855670844088
-78.2358,36.1165,0.425,0,0.23386403058186775
-78.2358,36.1165,0.23,0,0.23386403058186775
-78.1338,36.1109,0.6196124244547557,1,0.13615223318035383
-78.1338,36.1109,0.35,1,0.13615223318035383
-78.1356,36.1198,0.35,1,0.13703622367826065
-78.1356,36.1198,0.2,1,0.13703622367826065
-78.0746,36.1215,0.5591313272311774,1,0.07610562791279071
-78.0746,36.1215,0.365,1,0.07610562791279071
-78.0999,36.1453,0.26,1,0.09812126578882069
-78.0999,36.1453,0.235,1,0.09812126578882069
-78.0575,36.1459,0.5017847090989506,1,0.06092909485623546
-78.0575,36.1459,0.33,1,0.06092909485623546
-78.123,36.1684,0.4336124401913875,1,0.11064674780579926
-78.123,36.1684,0.19,1,0.11064674780579926
-78.1096,36.2081,0.6065837038281239,1,0.0935543932693696
-78.1096,36.2081,0.31,1,0.0935543932693696
-78.1342,36.2133,0.43678470909895056,1,0.11854941796567907
-78.1342,36.2133,0.305,1,0.11854941796567907
-78.1436,36.223,0.355,1,0.12925830921067039
-78.1436,36.223,0.215,1,0.12925830921067039
-78.1901,36.1757,0.5724401398105611,0,0.1754125095311049
-78.1901,36.1757,0.32,0,0.1754125095311049
-78.2022,36.1885,0.5859999842633683,0,0.18617049309705708
-78.2022,36.1885,0.27,0,0.18617049309705708
-78.2388,36.1527,0.5646124244547558,0,0.22712241809208678
-78.2388,36.1527,0.38,0,0.22712241809208678
-78.2262,36.211,0.465,0,0.21009398492103923
-78.2262,36.211,0.365,0,0.21009398492103923
-78.249,36.1973,0.4228277153558052,0,0.23262661176227714
-78.249,36.1973,0.305,0,0.23262661176227714
-78.0124,36.0411,0.225,1,0.08917927225538289
-78.0078,36.2024,0.4486124401913875,1,0.008897780622152664
-78.1062,36.0284,0.3587559884723187,1,0.14726221035961626
-78.0978,36.0538,0.42644015554719283,1,0.12440213261837668
-78.0978,36.0538,0.005,1,0.12440213261837668
-78.1052,36.0515,0.4567847090989505,1,0.1317075495178575
-78.1052,36.0515,0.28,1,0.1317075495178575
-78.0864,36.0751,0.295,1,0.10290880720326641
-78.0864,36.0751,0.3270221598002497,1,0.10290880720326641
-78.0733,36.0758,0.32197127937336817,1,0.09161741428352926
-78.0733,36.0758,0.20782771535580521,1,0.09161741428352926
-78.0488,36.1165,0.41097915354339504,1,0.051512819763624124
-78.0488,36.1165,0.3,1,0.051512819763624124
-78.0497,36.1047,0.3686124401913875,1,0.056430121389199034
-78.0497,36.1047,0.2767875524741448,1,0.056430121389199034
-78.0251,36.1256,0.46678470909895053,1,0.02646292878725965
-78.0251,36.1256,0.29,1,0.02646292878725965
-78.0046,36.1042,0.5264401555471928,1,0.02569253977324813
-78.0046,36.1042,0.295,1,0.02569253977324813
-78.0171,36.071,0.24,1,0.06103004669832708
-78.0171,36.071,0.15282771535580525,1,0.06103004669832708
-78.0556,36.0404,0.46,1,0.10540562888195114
-78.0556,36.0404,0.29,1,0.10540562888195114
-78.0592,36.0411,0.3237559884723187,1,0.10680692206032313
-78.0592,36.0411,0.20782771535580521,1,0.10680692206032313
-78.0772,36.0301,0.35178470909895054,1,0.1263454732073952
-78.0772,36.0301,0.24,1,0.1263454732073952
-78.0359,36.0117,0.3836124401913875,1,0.12323855971245347
-78.0359,36.0117,0.19565543071161048,1,0.12323855971245347
-78.0071,36.0087,0.34678470909895054,1,0.12082924563200836
-78.0071,36.0087,0.19065543071161048,1,0.12082924563200836
-78.0124,36.0411,0.355,1,0.08917927225538289
-78.0078,36.1659,0.34,1,0.031034187600131314
-78.0078,36.1659,0.23,1,0.031034187600131314
-78.0034,36.2583,0.305,1,0.05965155907434349
-78.0034,36.2583,0.51,1,0.05965155907434349
-78.014,36.2297,0.5588068688992003,1,0.029716266589194944
-78.014,36.2297,0.3178277153558053,1,0.029716266589194944
-78.0638,36.2304,0.35,1,0.05627619834352822
-78.0638,36.2304,0.185,1,0.05627619834352822
-78.0332,36.217,0.48,1,0.02385083855967563
-78.0332,36.217,0.23,1,0.02385083855967563
-78.1042,36.2093,0.38,1,0.08829272053799675
-78.1042,36.2093,0.21782771535580522,1,0.08829272053799675
-78.0378,36.2865,0.3286124401913875,1,0.08903260357868674
-78.0378,36.2865,0.19065543071161048,1,0.08903260357868674
-78.0124,36.29,0.5295397334963948,1,0.09000848015603805
-78.0124,36.29,0.23,1,0.09000848015603805
-78.0187,36.3507,0.39,0,0.1506377127415344
-78.0187,36.3507,0.34,0,0.1506377127415344
-78.0185,36.3659,0.275,0,0.1658334239530777
-78.0185,36.3659,0.235,0,0.1658334239530777
-78.0172,36.4189,0.4778277153558052,0,0.21882149917227145
-78.0172,36.4189,0.295,0,0.21882149917227145
-78.0298,36.4021,0.305,0,0.2024645857921794
-78.0298,36.4021,0.29,0,0.2024645857921794
-78.0457,36.424,0.35,0,0.22583011867330624
-78.0457,36.424,0.285,0,0.22583011867330624
-78.0621,36.425,0.36,0,0.22951777817850796
-78.0621,36.425,0.18782771535580522,0,0.22951777817850796
-78.0763,36.4105,0.31,0,0.21878250501354057
-78.0763,36.4105,0.245,0,0.21878250501354057
-78.113,36.4073,0.28,0,0.22863425049628822
-78.113,36.4073,0.24,0,0.22863425049628822
-78.147,36.3963,0.5174193090905879,0,0.2357143620995544
-78.147,36.3963,0.335,0,0.2357143620995544
-78.135,36.3902,0.395,0,0.2240846860006302
-78.135,36.3902,0.32,0,0.2240846860006302
-78.113,36.3388,0.28,0,0.16904653353440727
-78.113,36.3388,0.24,0,0.16904653353440727
-78.1359,36.3508,0.395,0,0.19235165322918646
-78.1359,36.3508,0.22563459999163726,0,0.19235165322918646
-78.147,36.3452,0.345,0,0.19524033010625833
-78.147,36.3452,0.25461526782995003,0,0.19524033010625833
-78.1661,36.3961,0.5396124244547558,0,0.24665142306501817
-78.1661,36.3961,0.405,0,0.24665142306501817
-78.2134,36.3864,0.403172268907563,0,0.2711606212192277
-78.2134,36.3864,0.1756554307116105,0,0.2711606212192277
-78.2008,36.3934,0.5378277153558052,0,0.26716974098875773
-78.2008,36.3934,0.325,0,0.26716974098875773
-78.1679,36.3747,0.36,0,0.2311869903346631
-78.1679,36.3747,0.17782771535580522,0,0.2311869903346631
-78.1903,36.3543,0.5524193090905879,0,0.23244030739094712
-78.1903,36.3543,0.22282771535580523,0,0.23244030739094712
-78.1756,36.3368,0.398172268907563,0,0.20985752905244942
-78.1756,36.3368,0.19782771535580523,0,0.20985752905244942
-78.0961,36.3081,0.28,1,0.1342460595324929
-78.0961,36.3081,0.13282771535580523,1,0.1342460595324929
-78.089,36.3176,0.425,1,0.1381418202428192
-78.089,36.3176,0.305,1,0.1381418202428192
-78.0668,36.2948,0.335,1,0.1072988653248504
-78.0668,36.2948,0.185,1,0.1072988653248504
-78.0575,36.3046,0.34361244019138754,1,0.11231412422309336
-78.0575,36.3046,0.19782771535580523,1,0.11231412422309336
-78.0498,36.3075,0.35,1,0.11249570880704617
-78.0498,36.3075,0.18,1,0.11249570880704617
-78.1314,36.2706,0.4778277153558052,1,0.13490874878969053
-78.1314,36.2706,0.25782771535580523,1,0.13490874878969053
-78.1613,36.2471,0.393172268907563,0,0.15234759105413884
-78.1613,36.2471,0.20782771535580521,0,0.15234759105413884
-78.186,36.2874,0.365,0,0.19076775015709985
-78.186,36.2874,0.19919444444444445,0,0.19076775015709985
-78.2361,36.3286,0.36317226890756305,0,0.2545385520898494
-78.2361,36.3286,0.21782771535580522,0,0.2545385520898494
-78.2374,36.2988,0.37,0,0.2420558995356171
-78.2374,36.2988,0.275,0,0.2420558995356171
-78.0872,36.4461,0.4015175213675214,0,0.2560076102384457
-78.0872,36.4461,0.27,0,0.2560076102384457
-78.0267,36.4657,0.375,0,0.26582001523587206
-78.0267,36.4657,0.27,0,0.26582001523587206
-78.0888,36.4901,0.39,0,0.29892274670891106
-78.0888,36.4901,0.32,0,0.29892274670891106
-78.1237,36.4712,0.33,0,0.2915844483164379
-78.1237,36.4712,0.33,0,0.2915844483164379
-78.1398,36.4946,0.49178470909895056,0,0.3193306413421633
-78.1398,36.4946,0.315,0,0.3193306413421633
-78.232,36.4111,0.38,0,0.3016904249392052
-78.232,36.4111,0.18702215980024967,0,0.3016904249392052
-78.2348,36.3721,0.47680838319411806,0,0.2780176406273596
-78.2348,36.3721,0.2906554307116105,0,0.2780176406273596
-78.225,36.3661,0.31,0,0.2666097757022389
-78.225,36.3661,0.14282771535580524,0,0.2666097757022389
-78.2064,36.4173,0.49702215980024966,0,0.28859717340958013
-78.2064,36.4173,0.27,0,0.28859717340958013
-78.215,36.4839,0.5028277153558052,0,0.34640976386354944
-78.215,36.4839,0.18,0,0.34640976386354944
-78.2434,36.4897,0.465,0,0.36798544060872346
-78.2434,36.4897,0.335,0,0.36798544060872346
