lat,lon,p_anomalous
48.58266004,-118.92447768,0.885
48.16903497,-119.83589871,0.165
48.14460917,-118.26165798,0.88
48.3076494,-119.71700565,0.84
48.05376068,-119.29531256,0.085
48.65931732,-119.58700809,0.905
48.89699314,-118.86554873,0.845
47.9540447,-118.66056327,0.95
47.67210008,-118.28414723,0.78
48.01571839,-118.13414672,0.8136124401913876
48.0954339,-118.85168622,0.73
48.01653363,-119.65644112,0.97
48.43792509,-119.87395931,0.885
48.20265215,-119.30087124,0.875
48.37099235,-118.88280484,0.8441944444444445
48.20487664,-119.13194267,0.9036124401913875
48.84100699,-118.44668374,0.27419444444444446
48.32931522,-119.78950973,0.215
47.53735306,-119.97533629,0.145
47.8301495,-119.05390955,0.72
47.64126336,-118.52999246,0.075
47.83180539,-119.8981183,0.12
48.98990434,-119.26838284,0.825
48.55793501,-119.17698582,0.275
47.64125954,-118.90667614,0.025
48.52348861,-119.32393409,0.77
48.14293377,-118.93669026,0.9341944444444445
47.51958832,-119.32697239,0.21
47.56514803,-118.78250156,0.03
48.81765814,-119.39339383,0.32
47.67069971,-119.46087015,0.05
48.85126282,-119.73396564,0.72
48.33406268,-118.01248109,0.965
48.13767484,-119.17724297,0.975
48.26849431,-118.71390787,0.22
47.56042506,-118.98417822,0.185
47.85959676,-118.80778878,0.11
47.85959324,-119.14391407,0.28
48.7723708,-119.87341344,0.115
48.691815,-119.76229546,0.735
48.91404203,-119.8314703,0.73
47.66459363,-118.81889473,0.245
47.72153277,-119.54420809,0.065
47.61153426,-119.24280299,0.075
47.66430886,-119.59393195,0.03
48.35599669,-118.63279511,0.925
48.76322535,-118.51918481,0.935
48.1840374,-119.63811015,0.9
47.91377007,-118.31748824,0.865
47.95127338,-118.07025306,0.84
48.06155105,-118.29721308,0.82
48.34317613,-119.30275168,0.24
47.53376662,-118.12746808,0.705
47.67182409,-118.09108156,0.72
48.57628586,-118.27889073,0.9
48.97240121,-119.02559742,0.925
48.58489934,-118.17110644,0.82
47.94986818,-119.49893098,0.08
47.81431091,-119.57282192,0.075
48.59321308,-119.17504272,0.93
48.58044555,-118.55501773,0.815
47.8609844,-118.95223937,0.805
48.27294794,-118.13332062,0.805
47.88958881,-119.59810222,0.175
47.77765636,-118.35804296,0.775
47.64124523,-119.9400602,0.195
48.86017357,-118.46446338,0.14732307692307692
48.42934068,-118.15388097,0.825
48.45877154,-118.77919339,0.785
48.85878038,-118.67391878,0.9
48.78698709,-118.77144395,0.225
48.02097673,-119.77533709,0.05
48.65487536,-119.43950107,0.175
47.89708553,-119.82172612,0.09
48.71796081,-118.01026465,0.945
48.35100029,-118.46917553,0.88
47.56375208,-119.57559648,0.155
48.32654409,-119.18059123,0.17
48.06654884,-118.52806042,0.855
48.44488347,-118.73252471,0.745
48.58044555,-118.55501773,0.79
47.5131969,-119.52170456,0.065
47.50792672,-118.61638111,0.085
47.56181986,-118.36137046,0.15861244019138757
48.43350547,-118.26833264,0.905
48.43820738,-119.54949654,0.835
47.83014758,-119.21058304,0.085
48.73460221,-119.23782914,0.95
48.8571297,-118.03888187,0.84
48.65931732,-119.58700809,0.89
48.92626651,-119.55118382,0.12
47.77154413,-118.46471552,0.645
47.80710282,-118.19581252,0.125
47.88795065,-117.2926479,0.245
47.87127875,-117.68050738,0.145
47.75738799,-117.73106043,0.11
47.64322292,-117.54160454,0.27
47.75462028,-117.11270557,0.195
47.5221075,-117.7329931,0.27
47.96238811,-117.86940856,0.19
47.826831,-117.84356985,0.195
47.78461224,-117.4918892,0.305
47.61127544,-117.71910827,0.06
47.94794918,-117.43438873,0.27
48.75852256,-117.6133094,0.89
48.46796334,-117.39856456,0.89
48.07072891,-117.48411543,0.94
48.22573758,-117.17576639,0.92
48.64824966,-117.24939918,0.955
48.88437067,-117.10190395,0.865
48.89213488,-117.68442376,0.94
48.38323553,-117.61801899,0.845
48.07322468,-117.83052066,0.81
48.65991499,-117.32412535,0.7586124401913875
48.40628878,-117.84803133,0.895
48.81574276,-117.81692929,0.275
48.19267824,-117.36688826,0.92
48.48712871,-117.51523852,0.29
48.33101422,-117.45022991,0.285
48.59990521,-117.79442421,0.93
48.75547583,-117.2321823,0.81
48.23517687,-117.55301075,0.935
48.27739646,-117.849972,0.225
48.96325354,-117.46802505,0.96
48.61602053,-117.52468829,0.845
48.40628878,-117.84803133,0.9
48.13906315,-117.56023147,0.915
48.08351303,-117.10687195,0.81
48.87490919,-117.96526786,0.29
48.4340675,-117.82830918,0.935
48.7696418,-117.28662918,0.88
48.48046952,-117.04965728,0.205
47.89487864,-118.54201177,0.98
47.89487864,-118.54201177,1.0
47.89487864,-118.54201177,0.945
47.89487864,-118.54201177,0.99
47.89487864,-118.54201177,1.0
47.89487864,-118.54201177,1.0
47.89487864,-118.54201177,1.0
47.89487864,-118.54201177,1.0
47.89487864,-118.54201177,0.99
48.50709775,-118.18190662,0.995
48.50709775,-118.18190662,0.98
48.50709775,-118.18190662,0.975
48.50709775,-118.18190662,1.0
48.50709775,-118.18190662,1.0
48.50709775,-118.18190662,0.965
48.50709775,-118.18190662,0.995
48.50709775,-118.18190662,1.0
48.50709775,-118.18190662,0.925
48.50709775,-118.18190662,0.995
48.50709775,-118.18190662,0.895
48.50709775,-118.18190662,0.99
47.95488154,-118.3530025,0.965
47.95488154,-118.3530025,0.99
47.95488154,-118.3530025,0.97
47.95488154,-118.3530025,0.985
47.95488154,-118.3530025,1.0
47.95488154,-118.3530025,0.995
47.95488154,-118.3530025,0.96
47.95488154,-118.3530025,0.995
47.95488154,-118.3530025,0.98
47.95488154,-118.3530025,0.99
47.95488154,-118.3530025,0.97
47.95488154,-118.3530025,0.94
47.89487864,-118.54201177,1.0
48.50709775,-118.18190662,1.0
47.95488154,-118.3530025,1.0
47.93378266,-118.20189311,0.14
47.93378266,-118.20189311,0.155
47.93378266,-118.20189311,0.055
47.93378266,-118.20189311,0.135
47.93378266,-118.20189311,0.08
47.93378266,-118.20189311,0.03
47.93378266,-118.20189311,0.03
47.93378266,-118.20189311,0.165
47.93378266,-118.20189311,0.17
47.93378266,-118.20189311,0.06
47.93378266,-118.20189311,0.04
47.93378266,-118.20189311,0.07
47.93378266,-118.20189311,0.08
47.93378266,-118.20189311,0.03
47.93378266,-118.20189311,0.06
47.93378266,-118.20189311,0.045
48.19428928,-118.19299988,0.975
48.19428928,-118.19299988,1.0
48.19428928,-118.19299988,0.995
48.19428928,-118.19299988,0.925
48.19428928,-118.19299988,0.995
48.19428928,-118.19299988,0.94
48.19428928,-118.19299988,1.0
48.19428928,-118.19299988,0.97
48.19428928,-118.19299988,0.93
48.19428928,-118.19299988,0.975
48.19428928,-118.19299988,0.97
48.19428928,-118.19299988,1.0
48.19428928,-118.19299988,0.955
48.19428928,-118.19299988,0.99
48.19428928,-118.19299988,0.99
48.19428928,-118.19299988,1.0
48.19428928,-118.19299988,0.99
48.19428928,-118.19299988,0.985
48.19428928,-118.19299988,0.995
48.19428928,-118.19299988,0.95
48.19428928,-118.19299988,0.97
47.93378266,-118.20189311,0.05
47.95488154,-118.3530025,0.815
47.95488154,-118.3530025,0.91
47.95488154,-118.3530025,1.0
47.95488154,-118.3530025,1.0
47.95488154,-118.3530025,0.905
47.95488154,-118.3530025,0.99
47.95488154,-118.3530025,0.715
47.95488154,-118.3530025,0.635
47.95488154,-118.3530025,1.0
47.95488154,-118.3530025,0.825
47.95488154,-118.3530025,1.0
47.95488154,-118.3530025,0.865
47.95488154,-118.3530025,0.97
47.95488154,-118.3530025,0.94
47.95488154,-118.3530025,0.965
47.95488154,-118.3530025,0.825
47.95488154,-118.3530025,0.845
47.95488154,-118.3530025,0.97
47.95488154,-118.3530025,0.9536124401913875
47.95488154,-118.3530025,0.97
47.95488154,-118.3530025,0.91
47.95488154,-118.3530025,0.84
47.95488154,-118.3530025,0.97
47.95488154,-118.3530025,0.995
47.95488154,-118.3530025,0.995
47.95488154,-118.3530025,0.965
47.89487864,-118.54191176,0.935
47.89487864,-118.54191176,0.86
47.89487864,-118.54191176,0.965
47.89487864,-118.54191176,0.88
47.89487864,-118.54191176,0.83
47.89487864,-118.54191176,0.96
48.637102,-118.08690171,0.325
48.19428928,-118.19299988,0.975
48.50709775,-118.18190662,0.975
48.19428928,-118.19299988,0.96
48.50709775,-118.18190662,0.885
48.637102,-118.08690171,0.285
47.94181499,-118.91222898,0.865
47.882654,-118.91222722,0.215
48.15487871,-118.91223413,0.965
48.394321,-118.91223946,0.975
48.69599365,-118.91224702,0.97
48.81932875,-118.91224913,0.905
48.92239542,-118.91225015,0.055
48.92239542,-118.91225015,0.08
48.03570659,-118.91223151,0.935
47.882654,-118.91222722,0.195
47.882654,-118.91222722,0.23
48.15487871,-118.91223413,0.965
48.15487871,-118.91223413,0.89
48.81932875,-118.91224913,0.925
48.81932875,-118.91224913,0.86
48.03570659,-118.91223151,0.96
48.03570659,-118.91223151,0.91
47.94181499,-118.91222898,0.99
47.94181499,-118.91222898,0.965
48.394321,-118.91223946,0.98
48.394321,-118.91223946,0.905
48.65988325,-118.91224606,0.965
48.69599365,-118.91224702,0.975
48.69599365,-118.91224702,1.0
48.92239542,-118.91225015,0.105
48.92239542,-118.91225015,0.165
48.39433886,-118.17971503,0.84
48.39433886,-118.17971503,0.885
47.99988859,-117.87607658,0.0
47.99988859,-117.87607658,0.01
47.99988859,-117.87607658,0.25
47.99988859,-117.87607658,0.055
47.99988859,-117.87607658,0.0
47.99988859,-117.87607658,0.0
47.99988859,-117.87607658,0.0
47.99988859,-117.87607658,0.0
47.99988859,-117.87607658,0.01
47.99988859,-117.87607658,0.025
47.99988859,-117.87607658,0.0
47.99988859,-117.87607658,0.02
47.8748838,-118.00108156,0.08
47.8748838,-118.00108156,0.01
47.8748838,-118.00108156,0.02
47.8748838,-118.00108156,0.0
47.8748838,-118.00108156,0.01
47.8748838,-118.00108156,0.0
48.49990906,-117.37606429,0.805
48.49990906,-117.37606429,0.48947091592242453
48.49990906,-117.37606429,0.91
48.49990906,-117.37606429,0.695
48.49990906,-117.37606429,0.62
48.49990906,-117.37606429,0.8095397334963949
48.49990906,-117.37606429,0.835
48.49990906,-117.37606429,0.66
48.49990906,-117.37606429,0.6
48.49990906,-117.37606429,0.71
48.37490187,-117.62607473,0.925
48.37490187,-117.62607473,0.66
48.37490187,-117.62607473,0.915
48.37490187,-117.62607473,0.925
48.37490187,-117.62607473,0.67
48.37490187,-117.62607473,0.925
48.37490187,-117.62607473,0.625
48.49990906,-117.37606429,0.815
48.49990705,-117.5010714,0.0
48.49990705,-117.5010714,0.0
48.49990705,-117.5010714,0.08690551528661056
48.49990705,-117.5010714,0.0
48.49990705,-117.5010714,0.0
48.49990705,-117.5010714,0.0
48.49990705,-117.5010714,0.22
48.49990705,-117.5010714,0.0
48.49990705,-117.5010714,0.0
48.49990705,-117.5010714,0.0
48.49990705,-117.5010714,0.02
48.49990705,-117.5010714,0.0
48.49990705,-117.5010714,0.015
48.49990705,-117.5010714,0.0
48.49990705,-117.5010714,0.5499652134810408
48.49990705,-117.5010714,0.0
48.49990705,-117.5010714,0.0
48.49990705,-117.5010714,0.0
48.49990705,-117.5010714,0.0
48.49990705,-117.5010714,0.005
48.49990705,-117.5010714,0.0
48.49990705,-117.5010714,0.0
48.49990705,-117.5010714,0.0
48.49990705,-117.5010714,0.0
48.49990705,-117.5010714,0.0
48.49990705,-117.5010714,0.0
48.49990705,-117.5010714,0.0
48.49990705,-117.5010714,0.005
48.49990705,-117.5010714,0.0
48.49990705,-117.5010714,0.0
48.49990705,-117.5010714,0.0
48.49990705,-117.5010714,0.0
48.49990705,-117.5010714,0.007827715355805244
48.49990705,-117.5010714,0.0
48.49990705,-117.5010714,0.0
48.49990705,-117.5010714,0.055
48.49990705,-117.5010714,0.0
48.49990705,-117.5010714,0.0
48.49990705,-117.5010714,0.0
48.49990705,-117.5010714,0.0
48.49990705,-117.5010714,0.0
48.49990705,-117.5010714,0.0
48.49990705,-117.5010714,0.0
48.49990705,-117.5010714,0.0
48.49990705,-117.5010714,0.0
48.49990705,-117.5010714,0.0
48.49990705,-117.5010714,0.0
48.49990705,-117.5010714,0.0
48.49990705,-117.5010714,0.0
48.49990705,-117.5010714,0.0
48.49990705,-117.5010714,0.21340243439029127
48.49990705,-117.5010714,0.0
48.49990705,-117.5010714,0.0
48.49990705,-117.5010714,0.0
48.49990705,-117.5010714,0.48324521195184106
48.49990705,-117.5010714,0.0
48.49990705,-117.5010714,0.0
48.49990705,-117.5010714,0.0
48.49990705,-117.5010714,0.25
48.49990705,-117.5010714,0.005
48.49990705,-117.5010714,0.035
48.49990705,-117.5010714,0.0
48.49990705,-117.5010714,0.0
48.49990705,-117.5010714,0.0
48.49990705,-117.5010714,0.0
48.49990705,-117.5010714,0.0
48.49990705,-117.5010714,0.0
48.49990705,-117.5010714,0.0
48.49990705,-117.5010714,0.0
48.49990705,-117.5010714,0.0
48.49990705,-117.5010714,0.0
48.49990705,-117.5010714,0.0
48.49990705,-117.5010714,0.26
48.49990705,-117.5010714,0.0
48.49990705,-117.5010714,0.0
48.49990705,-117.5010714,0.0
48.49990705,-117.5010714,0.0
48.49990705,-117.5010714,0.0
48.49990705,-117.5010714,0.0
48.49990705,-117.5010714,0.0
48.49990705,-117.5010714,0.235
48.49990705,-117.5010714,0.0
48.49990705,-117.5010714,0.0
48.49990705,-117.5010714,0.0
48.49990705,-117.5010714,0.0
48.49990705,-117.5010714,0.0
48.49990705,-117.5010714,0.005
48.49990705,-117.5010714,0.0
48.49990705,-117.5010714,0.0
48.49990705,-117.5010714,0.0
48.49990705,-117.5010714,0.0
48.49990705,-117.5010714,0.0
48.49990705,-117.5010714,0.0
48.49990705,-117.5010714,0.0
48.49990705,-117.5010714,0.0
48.49990705,-117.5010714,0.07016172657751604
48.49990705,-117.5010714,0.0
48.49990705,-117.5010714,0.08
48.49990705,-117.5010714,0.0
48.49990705,-117.5010714,0.4190736625047123
48.49990705,-117.5010714,0.0
48.49990705,-117.5010714,0.0
48.49990705,-117.5010714,0.0
48.49990705,-117.5010714,0.0
48.49990705,-117.5010714,0.0
48.49990705,-117.5010714,0.245
48.49990705,-117.5010714,0.0
48.49990705,-117.5010714,0.0
48.49990705,-117.5010714,0.0
48.49990705,-117.5010714,0.0
48.49990705,-117.5010714,0.0
48.49990705,-117.5010714,0.0
48.49990705,-117.5010714,0.0
48.49990705,-117.5010714,0.0
48.49990705,-117.5010714,0.0
48.49990705,-117.5010714,0.0
48.49990705,-117.5010714,0.0
48.49990705,-117.5010714,0.0
48.49990705,-117.5010714,0.265
48.49990705,-117.5010714,0.0
48.49990705,-117.5010714,0.0
48.49990705,-117.5010714,0.0
48.49990705,-117.5010714,0.0
48.49990705,-117.5010714,0.0
48.49990705,-117.5010714,0.0
48.49990705,-117.5010714,0.0
48.49990705,-117.5010714,0.0
48.49990705,-117.5010714,0.0
48.49990705,-117.5010714,0.0
48.49990705,-117.5010714,0.0
48.49990705,-117.5010714,0.0
48.49990705,-117.5010714,0.0
48.49990705,-117.5010714,0.0
48.49990705,-117.5010714,0.0
48.49990705,-117.5010714,0.0
48.49990705,-117.5010714,0.0
48.49990705,-117.5010714,0.0
48.49990705,-117.5010714,0.0
48.49990705,-117.5010714,0.0
48.49990705,-117.5010714,0.11
48.49990705,-117.5010714,0.005
48.49990705,-117.5010714,0.13
48.49990705,-117.5010714,0.0
48.49990705,-117.5010714,0.0
48.49990705,-117.5010714,0.0
48.49990705,-117.5010714,0.0
48.49990705,-117.5010714,0.0
48.49990705,-117.5010714,0.0
48.49990705,-117.5010714,0.065
48.49990705,-117.5010714,0.03
48.49990705,-117.5010714,0.005
48.49990705,-117.5010714,0.015
48.49990705,-117.5010714,0.125
48.49990705,-117.5010714,0.05
48.49990705,-117.5010714,0.225
48.49990705,-117.5010714,0.025
48.49990705,-117.5010714,0.0
48.49990705,-117.5010714,0.005
48.49990705,-117.5010714,0.085
48.49990705,-117.5010714,0.03
48.49990705,-117.5010714,0.0
48.49990705,-117.5010714,0.055
48.49990705,-117.5010714,0.01
48.49990705,-117.5010714,0.11
48.49990705,-117.5010714,0.005
48.49990705,-117.5010714,0.04
48.49990705,-117.5010714,0.035
48.49990705,-117.5010714,0.01
48.49990705,-117.5010714,0.005
48.49990705,-117.5010714,0.0
48.49990705,-117.5010714,0.005
48.49990705,-117.5010714,0.01
48.49990705,-117.5010714,0.01
48.49990705,-117.5010714,0.04984987515605493
48.49990705,-117.5010714,0.03
48.49990705,-117.5010714,0.05
48.49990705,-117.5010714,0.015
48.49990705,-117.5010714,0.015
48.49990705,-117.5010714,0.015
48.49990705,-117.5010714,0.05
48.49990705,-117.5010714,0.025
48.49990705,-117.5010714,0.035
48.49990705,-117.5010714,0.035
48.49990705,-117.5010714,0.08
48.49990705,-117.5010714,0.095
48.49990705,-117.5010714,0.08
48.49990705,-117.5010714,0.005
48.49990705,-117.5010714,0.015
48.49990705,-117.5010714,0.01
48.49990705,-117.5010714,0.005
48.49990705,-117.5010714,0.025
48.49990705,-117.5010714,0.21453973349639482
48.49990705,-117.5010714,0.115
48.49990705,-117.5010714,0.01
48.49990705,-117.5010714,0.0
48.49990705,-117.5010714,0.005
48.49990705,-117.5010714,0.125
48.49990705,-117.5010714,0.005
48.49990705,-117.5010714,0.005
48.49990705,-117.5010714,0.035
48.49990705,-117.5010714,0.025
48.49990705,-117.5010714,0.0
48.49990705,-117.5010714,0.0
48.49990705,-117.5010714,0.01
48.49990705,-117.5010714,0.005
48.49990705,-117.5010714,0.025
48.49990705,-117.5010714,0.01
48.49990705,-117.5010714,0.055
47.66654389,-118.33442755,0.02
47.66654389,-118.33442755,0.06
48.49990705,-117.5010714,0.02
48.49990705,-117.5010714,0.19159840370911094
48.49990705,-117.5010714,0.0
48.49990705,-117.5010714,0.0
48.49990705,-117.5010714,0.0
48.49990705,-117.5010714,0.01
48.49990705,-117.5010714,0.0
48.49990705,-117.5010714,0.0
48.49990705,-117.5010714,0.0
48.49990705,-117.5010714,0.0
48.49990705,-117.5010714,0.0
48.49990705,-117.5010714,0.0
48.49990705,-117.5010714,0.0
48.49990705,-117.5010714,0.0
48.49990705,-117.5010714,0.0
48.49990705,-117.5010714,0.0
48.49990705,-117.5010714,0.0
48.49990705,-117.5010714,0.0
48.49990705,-117.5010714,0.014849875156054933
48.49990705,-117.5010714,0.0
48.49990705,-117.5010714,0.005
48.49990705,-117.5010714,0.0
48.49990705,-117.5010714,0.0
48.49990705,-117.5010714,0.275
48.49990705,-117.5010714,0.0
48.49990705,-117.5010714,0.22210845071207266
48.49990705,-117.5010714,0.0
48.49990705,-117.5010714,0.0
48.49990705,-117.5010714,0.0
48.49990705,-117.5010714,0.0
48.49990705,-117.5010714,0.005
48.49990705,-117.5010714,0.0
48.49990705,-117.5010714,0.24
48.49990705,-117.5010714,0.07016172657751604
48.49990705,-117.5010714,0.0
48.49990705,-117.5010714,0.1533208903537966
48.49990705,-117.5010714,0.0
48.49990705,-117.5010714,0.0
48.49990705,-117.5010714,0.0
48.49990705,-117.5010714,0.0
48.49990705,-117.5010714,0.27361244019138753
48.49990705,-117.5010714,0.105
48.49990705,-117.5010714,0.0
48.49990705,-117.5010714,0.015
48.49990705,-117.5010714,0.005
48.49990705,-117.5010714,0.0
48.49990705,-117.5010714,0.0
48.49990705,-117.5010714,0.0036124401913875596
48.49990705,-117.5010714,0.0
48.49990705,-117.5010714,0.0
48.49990705,-117.5010714,0.005
48.49990705,-117.5010714,0.0
48.49990705,-117.5010714,0.0
48.49990705,-117.5010714,0.0
48.49990705,-117.5010714,0.0
48.49990705,-117.5010714,0.08763324732222856
48.49990705,-117.5010714,0.0
48.49990705,-117.5010714,0.0
48.49990705,-117.5010714,0.02
48.49990705,-117.5010714,0.0
48.49990705,-117.5010714,0.0
48.49990705,-117.5010714,0.01
48.49990705,-117.5010714,0.02
48.49990705,-117.5010714,0.005
48.49990705,-117.5010714,0.0
48.49990705,-117.5010714,0.01
48.49990705,-117.5010714,0.085
48.49990705,-117.5010714,0.0
48.49990705,-117.5010714,0.0
48.49990705,-117.5010714,0.0
48.49990705,-117.5010714,0.0
48.49990705,-117.5010714,0.0
48.49990705,-117.5010714,0.4190736625047123
48.49990705,-117.5010714,0.0
48.49990705,-117.5010714,0.0
48.49990705,-117.5010714,0.016440155547192803
48.49990705,-117.5010714,0.0
48.49990705,-117.5010714,0.0
48.49990705,-117.5010714,0.0
48.49990705,-117.5010714,0.0
48.49990705,-117.5010714,0.03414338650149611
48.49990705,-117.5010714,0.0
48.49990705,-117.5010714,0.0
48.49990705,-117.5010714,0.0
48.49990705,-117.5010714,0.1
48.49990705,-117.5010714,0.04
48.49990705,-117.5010714,0.0
48.49990705,-117.5010714,0.08602692332251242
48.49990705,-117.5010714,0.005
48.49990705,-117.5010714,0.0
48.49990705,-117.5010714,0.0
48.49990705,-117.5010714,0.0
48.49990705,-117.5010714,0.0
48.49990705,-117.5010714,0.0
48.01652983,-119.93451321,0.875
48.8498758,-119.51784693,0.92
48.86654278,-119.53451471,0.835
48.49990705,-117.5010714,0.0
48.49990705,-117.5010714,0.0
48.49990705,-117.5010714,0.0
48.49990705,-117.5010714,0.0
48.49990705,-117.5010714,0.0
48.49990705,-117.5010714,0.0
48.49990705,-117.5010714,0.21251720602704777
48.49990705,-117.5010714,0.0
48.49990705,-117.5010714,0.245
48.49990705,-117.5010714,0.08
48.49990705,-117.5010714,0.5407370828527426
48.49990705,-117.5010714,0.02
48.49990705,-117.5010714,0.0
48.49990705,-117.5010714,0.12766699718967967
48.49990705,-117.5010714,0.0
48.49990705,-117.5010714,0.285
48.49990705,-117.5010714,0.0
48.49990705,-117.5010714,0.0
48.49990705,-117.5010714,0.0
48.49990705,-117.5010714,0.005
48.49990705,-117.5010714,0.0
48.49990705,-117.5010714,0.0
48.49990705,-117.5010714,0.0
48.49990705,-117.5010714,0.0
48.49990705,-117.5010714,0.0
48.49990705,-117.5010714,0.0
48.49990705,-117.5010714,0.0
48.49990705,-117.5010714,0.005
48.49990705,-117.5010714,0.0
48.49990705,-117.5010714,0.0
48.49990705,-117.5010714,0.0
48.49990705,-117.5010714,0.065
48.49990705,-117.5010714,0.0
48.49990705,-117.5010714,0.0
48.49990705,-117.5010714,0.0
48.49990705,-117.5010714,0.0
48.49990705,-117.5010714,0.0
48.49990705,-117.5010714,0.0
48.49990705,-117.5010714,0.0
48.49990705,-117.5010714,0.0
48.49990705,-117.5010714,0.0
48.49990705,-117.5010714,0.0
48.49990705,-117.5010714,0.0
48.49990705,-117.5010714,0.005
48.49990705,-117.5010714,0.0
48.49990705,-117.5010714,0.0
48.49990705,-117.5010714,0.0
48.49990705,-117.5010714,0.0
48.49990705,-117.5010714,0.0
48.49990705,-117.5010714,0.005
48.49990705,-117.5010714,0.0
48.49990705,-117.5010714,0.0
48.49990705,-117.5010714,0.0
48.49990705,-117.5010714,0.0
48.49990705,-117.5010714,0.0
48.49990705,-117.5010714,0.0
48.49990705,-117.5010714,0.0
48.49990705,-117.5010714,0.0
48.49990705,-117.5010714,0.235
48.49990705,-117.5010714,0.045
48.49990705,-117.5010714,0.0
48.49990705,-117.5010714,0.0
48.49990705,-117.5010714,0.0
48.49990705,-117.5010714,0.0
48.49990705,-117.5010714,0.0
48.49990705,-117.5010714,0.0028277153558052435
48.49990705,-117.5010714,0.0
48.49990705,-117.5010714,0.0
48.49990705,-117.5010714,0.0
48.49990705,-117.5010714,0.0
48.49990705,-117.5010714,0.0
48.49990705,-117.5010714,0.0
48.49990705,-117.5010714,0.0
48.49990705,-117.5010714,0.0
48.49990705,-117.5010714,0.0
48.49990705,-117.5010714,0.0
48.49990705,-117.5010714,0.0
48.49990705,-117.5010714,0.0
48.49990705,-117.5010714,0.0
48.49990705,-117.5010714,0.0
48.49990705,-117.5010714,0.0
48.49990705,-117.5010714,0.0
48.49990705,-117.5010714,0.0
48.49990705,-117.5010714,0.0
48.49990705,-117.5010714,0.0
48.49990705,-117.5010714,0.0
48.49990705,-117.5010714,0.0
48.49990705,-117.5010714,0.0
48.49990705,-117.5010714,0.0
48.49990705,-117.5010714,0.0
48.49990705,-117.5010714,0.0
48.49990705,-117.5010714,0.0
48.49990705,-117.5010714,0.0
48.49990705,-117.5010714,0.0
48.49990705,-117.5010714,0.0
48.49990705,-117.5010714,0.0
48.49990705,-117.5010714,0.0
48.49990705,-117.5010714,0.0
48.49990705,-117.5010714,0.0
48.49990705,-117.5010714,0.0
48.49990705,-117.5010714,0.0
48.49990705,-117.5010714,0.0
48.49990705,-117.5010714,0.0
48.49990705,-117.5010714,0.0
48.49990705,-117.5010714,0.0
48.49990705,-117.5010714,0.0
48.49990705,-117.5010714,0.0
48.49990705,-117.5010714,0.0
48.49990705,-117.5010714,0.0
48.49990705,-117.5010714,0.0
48.49990705,-117.5010714,0.0
48.49990705,-117.5010714,0.0
48.49990705,-117.5010714,0.0
48.49990705,-117.5010714,0.0
48.49990705,-117.5010714,0.0
48.49990705,-117.5010714,0.0
48.49990705,-117.5010714,0.0
48.49990705,-117.5010714,0.0
48.49990705,-117.5010714,0.0
48.49990705,-117.5010714,0.0
48.49990705,-117.5010714,0.0
48.49990705,-117.5010714,0.0
48.49990705,-117.5010714,0.0
48.49990705,-117.5010714,0.0
48.49990705,-117.5010714,0.0
48.49990705,-117.5010714,0.0
48.49990705,-117.5010714,0.0
48.49990705,-117.5010714,0.0
48.49990705,-117.5010714,0.0
48.49990705,-117.5010714,0.0
48.49990705,-117.5010714,0.0
48.49990705,-117.5010714,0.0
48.49990705,-117.5010714,0.0
48.49990705,-117.5010714,0.0
48.49990705,-117.5010714,0.0
48.49990705,-117.5010714,0.0
48.49990705,-117.5010714,0.0
48.49990705,-117.5010714,0.0
48.49990705,-117.5010714,0.0
48.49990705,-117.5010714,0.0
48.49990705,-117.5010714,0.0
48.49990705,-117.5010714,0.015
48.49990705,-117.5010714,0.0028277153558052435
48.49990705,-117.5010714,0.0
48.49990705,-117.5010714,0.0
48.49990705,-117.5010714,0.0
48.49990705,-117.5010714,0.0
48.49990705,-117.5010714,0.0
48.49990705,-117.5010714,0.0
48.49990705,-117.5010714,0.0
48.49990705,-117.5010714,0.0
48.49990705,-117.5010714,0.0
48.49990705,-117.5010714,0.0
48.49990705,-117.5010714,0.0
48.49990705,-117.5010714,0.09
48.49990705,-117.5010714,0.0
48.49990705,-117.5010714,0.0028277153558052435
48.49990705,-117.5010714,0.08602692332251242
48.49990705,-117.5010714,0.0
48.49990705,-117.5010714,0.0
48.49990705,-117.5010714,0.0
48.49990705,-117.5010714,0.0
48.49990705,-117.5010714,0.02
48.49990705,-117.5010714,0.5506237317444119
48.49990705,-117.5010714,0.0
48.49990705,-117.5010714,0.0
48.49990705,-117.5010714,0.0
48.49990705,-117.5010714,0.0
48.49990705,-117.5010714,0.0028277153558052435
48.49990705,-117.5010714,0.0
48.49990705,-117.5010714,0.06483861818117564
48.49990705,-117.5010714,0.48947091592242453
48.49990705,-117.5010714,0.0
48.49990705,-117.5010714,0.0
48.49990705,-117.5010714,0.0
48.49990705,-117.5010714,0.0
48.49990705,-117.5010714,0.0
48.49990705,-117.5010714,0.0
48.49990705,-117.5010714,0.0
48.49990705,-117.5010714,0.0
48.49990705,-117.5010714,0.0
48.49990705,-117.5010714,0.0
48.49990705,-117.5010714,0.0
48.49990705,-117.5010714,0.0
48.49990705,-117.5010714,0.0
48.49990705,-117.5010714,0.0
48.49990705,-117.5010714,0.0
48.49990705,-117.5010714,0.02
48.49990705,-117.5010714,0.0
48.49990705,-117.5010714,0.0
48.49990705,-117.5010714,0.0
48.49990705,-117.5010714,0.0
48.49990705,-117.5010714,0.0
48.49990705,-117.5010714,0.0
48.49990705,-117.5010714,0.0
48.49990705,-117.5010714,0.0
48.49990705,-117.5010714,0.0
48.49990705,-117.5010714,0.0
48.49990705,-117.5010714,0.0
48.49990705,-117.5010714,0.0
48.49990705,-117.5010714,0.28
48.49990705,-117.5010714,0.0
48.49990705,-117.5010714,0.0
48.49990705,-117.5010714,0.0
48.49990705,-117.5010714,0.0
48.49990705,-117.5010714,0.0
48.49990705,-117.5010714,0.0
48.49990705,-117.5010714,0.005
48.49990705,-117.5010714,0.0
48.49990705,-117.5010714,0.005
48.49990705,-117.5010714,0.0
48.49990705,-117.5010714,0.0
48.49990705,-117.5010714,0.005
48.49990705,-117.5010714,0.0
48.49990705,-117.5010714,0.095
48.49990705,-117.5010714,0.0
48.49990705,-117.5010714,0.015
48.49990705,-117.5010714,0.125
48.49990705,-117.5010714,0.08
48.49990705,-117.5010714,0.0
48.49990705,-117.5010714,0.0
48.49990705,-117.5010714,0.0
48.49990705,-117.5010714,0.0
48.49990705,-117.5010714,0.0
48.49990705,-117.5010714,0.0
48.49990705,-117.5010714,0.0
47.87489857,-117.12603918,0.0
47.87489857,-117.12603918,0.0
47.87489857,-117.12603918,0.085
47.87489857,-117.12603918,0.185
47.87489857,-117.12603918,0.0
47.87489857,-117.12603918,0.0
47.87489857,-117.12603918,0.0
47.87489563,-117.2510459,0.0
47.87489563,-117.2510459,0.0
47.87489563,-117.2510459,0.015
47.87489563,-117.2510459,0.0
47.87489563,-117.2510459,0.0
48.49990906,-117.37606429,0.5407370828527426
48.49990906,-117.37606429,0.8606871957302177
48.49990906,-117.37606429,0.4190736625047123
48.49990906,-117.37606429,0.835
48.49990906,-117.37606429,0.5031335176867668
48.49990906,-117.37606429,0.5499652134810408
48.49990906,-117.37606429,0.48324521195184106
48.49990906,-117.37606429,0.655
48.49990906,-117.37606429,0.655
48.49990906,-117.37606429,0.645
48.49990906,-117.37606429,0.5506237317444119
48.49990906,-117.37606429,0.57
48.49990906,-117.37606429,0.7
48.49990906,-117.37606429,0.655
48.49990906,-117.37606429,0.625
48.49990906,-117.37606429,0.625
48.49990906,-117.37606429,0.6
48.49990705,-117.5010714,0.0
48.49990705,-117.5010714,0.0
48.49990705,-117.5010714,0.01
48.49990705,-117.5010714,0.0
48.49990705,-117.5010714,0.0
48.49990705,-117.5010714,0.0
48.49990705,-117.5010714,0.20149645847512246
48.49990705,-117.5010714,0.0
48.49990705,-117.5010714,0.0
48.49990705,-117.5010714,0.0
48.49990705,-117.5010714,0.0
48.49990705,-117.5010714,0.0
48.49990705,-117.5010714,0.0
48.49990705,-117.5010714,0.0
48.49990705,-117.5010714,0.0
48.49990705,-117.5010714,0.005655430711610487
48.49990705,-117.5010714,0.5031335176867668
48.49990705,-117.5010714,0.0
48.49990705,-117.5010714,0.0
48.49990705,-117.5010714,0.0
47.65905764,-117.45104741,0.0
48.88214748,-117.18662875,0.745
48.96881723,-117.19024273,0.816837029882425
48.860477,-117.32802106,0.875
48.85686685,-117.29274232,0.9883116103158689
48.86659126,-117.19690636,0.44863112564199525
48.90853765,-117.15607317,0.13
48.92103829,-117.13885093,0.08
48.92825792,-117.30107731,0.932335099196395
48.97687472,-117.04690667,0.02
48.98381914,-117.0719075,0.22419444444444445
48.98770802,-117.08579684,0.15
48.95937229,-117.20385384,0.8142670170787134
48.95076076,-117.21385382,0.8512372421180057
48.94714948,-117.2177427,0.6343385166899702
48.85992225,-117.30107593,0.6589806678383128
48.89464809,-117.17107312,0.19
48.88214748,-117.18662875,0.6876682842676736
48.96881723,-117.19024273,0.932323076923077
48.860477,-117.32802106,0.5706270837191724
48.85686685,-117.29274232,0.7172248803827752
48.86659126,-117.19690636,0.17982780097744355
48.90853765,-117.15607317,0.33141932482721953
48.92103829,-117.13885093,0.11450308173354921
48.92825792,-117.30107731,0.5941479589633546
48.97687472,-117.04690667,0.07861244019138755
48.98381914,-117.0719075,0.015
48.98770802,-117.08579684,0.6343385166899702
48.95937229,-117.20385384,0.76
48.95076076,-117.21385382,0.9601507922788821
48.94714948,-117.2177427,0.762806884635832
48.85992225,-117.30107593,0.79332484011383
48.89464809,-117.17107312,0.44863112564199525
48.87520271,-117.19385098,0.21864420520999467
48.94298399,-117.09857298,0.68
48.94242567,-117.28302171,0.13
48.95937314,-117.12857436,0.7549611876436491
48.97243026,-117.03440619,0.16320613874473786
48.97465257,-117.03357295,0.06
48.97604133,-117.04940668,0.075
48.99909673,-117.13718716,0.1
48.99104108,-117.11913096,0.2941944444444444
48.9907635,-117.10135283,0.10861244019138755
48.98493015,-117.0844078,0.027323076923076926
48.97881898,-117.0699628,0.5941479589633546
48.89686861,-117.28052066,0.7958268625523007
48.88742654,-117.0830146,0.44863112564199525
48.97604072,-117.10246335,0.5706270837191724
48.92659322,-117.21496426,0.9633508150891644
48.91353701,-117.23218658,0.16484987515605493
48.82992388,-117.13551404,0.14018255729748927
48.87631466,-117.11690409,0.9479576769147141
48.81575707,-117.09690089,0.0414401555471928
48.82464657,-117.06856686,0.2468401482127252
48.78797815,-117.10967803,0.03
48.80103387,-117.14217988,0.09
48.79797815,-117.14745776,0.04
48.79353318,-117.18523695,0.145
48.81908936,-117.21607229,0.75
48.80770019,-117.20329367,0.72
48.83297914,-117.176349,0.86
48.82325683,-117.14884763,0.155
48.82714602,-117.13273606,0.09
48.8307573,-117.12940273,0.22
48.83964634,-117.14745929,0.87
48.89326015,-117.07718135,0.775
48.88381522,-117.08995911,0.78
48.85159128,-117.14190397,0.725
48.85548055,-117.1182922,0.11
48.85798071,-117.11218098,0.055
48.87353708,-117.08856973,0.765
48.86464785,-117.08884714,0.105
48.85548132,-117.04273405,0.22
48.85492574,-117.04273402,0.21
48.81659042,-117.09912324,0.19
48.81575704,-117.10023436,0.045
48.82881338,-117.07023378,0.175
48.82853557,-117.07134492,0.1
48.78519925,-117.21746026,0.22098125836196275
48.77686573,-117.20412611,0.19
48.77658803,-117.19551461,0.19
48.75019818,-117.19718054,0.6978277153558052
48.7546429,-117.18329115,0.8273466181322269
48.75519848,-117.18356896,0.8286124401913875
48.89487428,-119.91869511,0.14534047131418054
48.87015109,-119.96452958,0.12456193353474321
48.87015108,-119.96702966,0.275
48.79075291,-117.31190821,0.235
48.73852921,-117.30190645,0.1
48.73380721,-117.28829457,0.135
48.76936397,-117.2880181,0.7141944444444445
48.76464273,-117.24134963,0.8036597544179246
48.75658697,-117.2330157,0.81
48.77131006,-117.19551445,0.255
48.78492146,-117.21718246,0.245
48.78742151,-117.22107159,0.34
48.82186698,-117.24135112,0.16
48.80825555,-117.22468343,0.10861244019138755
48.80714435,-117.22940581,0.035
48.80575574,-117.19551552,0.6500525957385804
48.79492209,-117.18857046,0.125
48.79631131,-117.15884706,0.5969886286147534
48.79825593,-117.14745777,0.035
48.78825606,-117.09551078,0.12861244019138757
48.80770078,-117.14190234,0.21
48.81547849,-117.17884852,0.095
48.84075708,-117.18773856,0.86
48.74769583,-117.3144074,0.085
48.7888115,-117.11078922,0.035
48.78825591,-117.11134478,0.0
48.80909051,-117.06078806,0.115
48.81992411,-117.07467799,0.105
48.77214477,-117.0510637,0.2030484522207268
48.76214432,-117.05939693,0.185
48.77297793,-117.07412031,0.145
48.77353349,-117.07467591,0.06
48.75797741,-117.06884162,0.06
48.74297702,-117.05661803,0.95
48.72714304,-117.07495123,0.735
48.71992075,-117.06133903,0.95
48.7088095,-117.04355972,0.93
48.71019806,-117.07883925,0.78
48.71103142,-117.0788393,0.805
48.71158699,-117.07883933,0.79
48.69186432,-117.06605972,0.785
48.68380832,-117.0852268,0.83
48.69241946,-117.10606165,0.93
48.68547452,-117.131618,0.785
48.69825256,-117.14328599,0.755
48.7088095,-117.04383751,0.805
48.73492096,-117.08467439,0.915
48.73436537,-117.08606331,0.925
48.73047607,-117.11745342,0.12
48.72908714,-117.11717554,0.0986650359299679
48.73825359,-117.16967855,0.03861244019138756
48.73908695,-117.1696786,0.2111357094027564
48.74714277,-117.16884572,0.3
48.74769835,-117.16884575,0.12
48.69964116,-117.17439866,0.27361244019138753
48.73408671,-117.17801202,0.5969886286147534
48.73047552,-117.17412274,0.725
48.73047554,-117.17245599,0.13
48.72714211,-117.17051125,0.66
48.72408647,-117.16912212,0.68
48.71991968,-117.16717732,0.77
48.71991971,-117.164955,0.64
48.71603073,-117.16106569,0.725
48.78158816,-117.20162615,0.125
48.76019846,-117.20551455,0.15
48.76019845,-117.20662572,0.05
48.76714342,-117.17634681,0.035
48.76714343,-117.17579122,0.165
48.78047701,-117.20162612,0.045
48.78519937,-117.20384857,0.12
48.76436494,-117.24107183,0.731924630694885
