sample_id,lon,lat,domain,Th,Ce,La,Nd,P,Y,U,Zr,Ti,Fe
NURE_WA_0000,-118.87637964345791,48.63158181490144,MCC,3.49,19.8,13.21,7.16,525.63,10.1,2.44,43.42,4635.82,47646.46
NURE_WA_0001,-117.14785708077025,47.74406246866282,BACKGROUND,7.72,127.73,8.27,79.69,649.07,10.44,2.08,140.24,4024.82,40461.58
NURE_WA_0002,-117.80401817456578,48.4220613762669,BATHOLITH,4.15,33.85,38.2,73.99,434.01,31.98,1.09,76.53,1768.36,31252.0
NURE_WA_0003,-118.20402454740889,48.47074407421257,BATHOLITH,7.06,149.69,14.22,23.88,384.02,18.86,2.83,142.12,2131.18,18324.33
NURE_WA_0004,-119.5319440786727,48.178609074083816,MCC,10.31,109.92,90.75,21.73,470.96,113.45,1.14,163.61,3926.2,34499.95
NURE_WA_0005,-119.53201643899139,48.67831077699956,MCC,6.04,99.43,23.09,76.86,1036.67,31.64,1.62,90.26,1996.95,24676.56
NURE_WA_0006,-119.8257491634954,48.994987223630424,MCC,38.54,109.45,59.54,37.48,1310.72,138.24,1.82,71.74,5176.13,7396.91
NURE_WA_0007,-117.4014715626752,48.98090962065084,BACKGROUND,4.15,20.12,34.53,20.71,189.37,10.78,0.43,121.07,4515.1,19331.2
NURE_WA_0008,-118.19665496477037,48.22134299424661,BATHOLITH,28.2,176.73,26.41,68.49,558.71,12.8,1.53,87.01,3111.44,32986.68
NURE_WA_0009,-117.87578226661186,47.681180873345205,BATHOLITH,5.67,66.13,60.97,43.65,225.83,3.75,3.6,48.22,3406.55,15685.91
NURE_WA_0010,-119.93824651711259,49.075745918339734,MCC,20.73,201.88,32.69,5.35,887.24,44.78,0.94,113.91,3826.1,41381.35
NURE_WA_0011,-117.09027044351402,48.8422369383135,BACKGROUND,2.52,124.47,19.83,19.35,306.64,12.07,1.31,93.49,9969.19,14025.38
NURE_WA_0012,-117.50267207759873,47.69946028992523,BACKGROUND,1.48,58.26,26.89,51.25,276.35,6.36,1.71,97.98,6431.68,65613.67
NURE_WA_0013,-119.36298266796517,48.973347012187794,MCC,37.26,325.53,198.95,48.72,811.82,47.73,1.47,314.25,4162.21,24508.75
NURE_WA_0014,-119.4545250983787,48.89183417929941,MCC,2.32,25.79,77.47,14.44,362.83,26.19,4.14,153.3,6703.68,19726.3
NURE_WA_0015,-119.4497864704397,48.33014089140172,MCC,48.92,87.06,45.5,148.24,1735.52,49.25,7.12,72.02,6454.87,30976.23
NURE_WA_0016,-119.08727327112139,48.44604069719189,MCC,41.14,142.9,72.16,98.5,856.04,19.74,1.2,34.58,12067.65,16278.78
NURE_WA_0017,-118.42573070510329,48.13840432619221,BATHOLITH,7.02,92.83,69.78,40.53,372.36,14.07,2.51,89.64,9408.65,39403.62
NURE_WA_0018,-118.70416494407365,47.58761862211525,BACKGROUND,9.82,122.09,26.31,6.73,642.15,10.76,1.6,142.44,7667.41,30368.35
NURE_WA_0019,-119.12631257940588,48.03631558663344,MCC,15.4,399.26,58.22,363.69,1482.36,12.24,3.26,127.12,7889.4,43592.87
NURE_WA_0020,-118.16444131583286,48.78456551775682,BATHOLITH,2.44,46.15,13.32,12.21,713.06,38.96,2.67,53.02,4937.57,58273.85
NURE_WA_0021,-119.58151841804387,47.507411236807364,BACKGROUND,5.06,46.53,11.77,33.97,481.12,19.48,1.31,80.74,5759.81,24406.88
NURE_WA_0022,-119.12356605439435,48.03359867470583,MCC,42.31,58.52,48.45,76.43,416.13,10.32,0.92,207.24,2841.47,123984.99
NURE_WA_0023,-118.90091447011892,48.13706990974551,MCC,14.66,368.84,267.2,244.84,2234.77,60.53,2.98,158.44,2842.53,19065.95
NURE_WA_0024,-118.63179004734889,48.35983296470068,MCC,10.57,67.86,87.0,94.43,1163.44,75.4,1.14,92.42,2593.08,10660.94
NURE_WA_0025,-117.64447211582096,48.971768986260415,BACKGROUND,5.11,162.04,38.26,8.44,1438.43,30.38,2.96,90.75,2266.67,24415.35
NURE_WA_0026,-119.40097865352492,48.054153590985536,MCC,28.83,33.33,62.27,12.59,552.22,23.71,3.29,35.96,4240.87,53218.05
NURE_WA_0027,-118.45729668475917,48.05512512303397,BATHOLITH,6.73,103.79,31.16,63.01,277.8,15.0,2.4,83.42,785.19,27450.43
NURE_WA_0028,-118.22275629341387,48.6800019969756,BATHOLITH,13.96,79.76,11.72,27.52,374.36,18.78,2.29,59.88,2352.45,36542.29
NURE_WA_0029,-119.86064876184001,48.223548705423696,MCC,6.9,52.37,43.17,179.47,944.17,37.63,2.27,54.96,1451.83,16984.82
NURE_WA_0030,-118.17736544429569,47.85936771670397,BATHOLITH,13.31,180.47,53.66,18.07,368.06,25.21,1.29,55.59,5284.48,14329.96
NURE_WA_0031,-119.48842762893813,48.22390322581231,MCC,11.96,121.42,22.83,30.11,802.98,22.6,3.05,80.19,6783.9,131416.94
NURE_WA_0032,-119.80484522104416,47.72537123260768,BACKGROUND,6.42,63.04,102.24,18.48,324.89,7.65,2.08,80.25,11762.44,80079.31
NURE_WA_0033,-117.15334338824,47.78221917840996,BACKGROUND,2.39,25.43,24.06,63.36,531.02,10.78,2.07,72.62,5389.31,20255.72
NURE_WA_0034,-117.10310390077632,48.297388436383166,BACKGROUND,3.7,50.9,87.51,25.91,447.31,13.13,0.9,167.91,3695.71,27154.08
NURE_WA_0035,-117.57480795565061,48.17028071920728,BACKGROUND,80.75,109.11,34.47,58.9,375.46,5.59,2.4,125.81,8241.17,58000.29
NURE_WA_0036,-119.08615869247988,48.96375344170896,MCC,23.32,128.22,121.34,78.15,848.37,28.48,3.79,85.47,3084.86,17671.94
NURE_WA_0037,-119.70698365798084,48.07983023858662,MCC,112.73,67.63,82.62,229.6,1761.6,70.98,1.19,130.48,3478.36,51842.27
NURE_WA_0038,-117.94730092046353,48.42894136044487,BATHOLITH,82.83,126.26,50.32,23.28,422.99,18.62,1.82,112.97,8012.16,17175.17
NURE_WA_0039,-118.67954251878119,48.51162286067125,MCC,34.26,84.26,7.82,24.14,2136.27,30.83,1.23,77.78,6150.11,40640.97
NURE_WA_0040,-119.63388529546566,47.520951130541334,BACKGROUND,4.17,33.17,10.5,75.98,430.29,30.31,4.98,178.99,3037.38,37542.71
NURE_WA_0041,-118.5144692696662,48.56165979522674,MCC,10.2,39.86,54.56,13.65,1829.52,21.96,2.4,120.4,3342.67,41551.56
NURE_WA_0042,-119.89683443665434,47.7848575469916,BACKGROUND,11.68,14.99,25.14,99.47,295.45,10.6,2.85,113.67,4686.87,39364.58
NURE_WA_0043,-117.27203879376366,49.03771250795113,BACKGROUND,9.6,115.78,31.83,16.2,747.05,44.26,1.99,59.94,7129.39,28074.25
NURE_WA_0044,-119.22366005519994,47.73786036440498,BACKGROUND,6.98,43.6,19.36,9.03,454.94,19.5,1.68,156.02,4301.68,35779.49
NURE_WA_0045,-118.01243314693805,48.16339859796324,BATHOLITH,11.85,29.64,39.18,14.35,621.08,10.79,1.29,108.28,1356.58,25465.42
NURE_WA_0046,-119.06486677173177,47.63655946892583,BACKGROUND,10.82,110.18,11.02,28.28,847.06,25.46,2.41,154.61,2691.97,31427.97
NURE_WA_0047,-118.43979593646657,49.09499880295352,BATHOLITH,4.51,29.35,27.43,26.44,980.8,17.88,3.06,147.82,17126.17,11000.26
NURE_WA_0048,-118.35986916197017,48.303512016529986,BATHOLITH,21.48,38.15,52.64,23.98,1653.33,8.33,4.22,271.49,2198.61,46326.65
NURE_WA_0049,-119.44543663342341,48.45261602771207,MCC,11.99,76.74,6.33,58.27,1151.62,72.46,3.01,366.53,4094.69,28306.4
NURE_WA_0050,-117.09124611670633,47.60732236382148,THORITE_ANOMALY,8.127895482006437,7.31,18.84,3.54,661.06,7.76,4.790940419770301,70.99,3444.21,30126.77
NURE_WA_0051,-117.67460152991666,48.699936752638685,BACKGROUND,4.37,24.57,29.51,60.44,181.89,16.45,1.96,149.31,4342.96,19779.16
NURE_WA_0052,-117.18150317530743,47.835848948952936,BACKGROUND,6.17,7.6,22.28,48.5,412.35,10.75,1.0,36.73,6118.57,27139.05
NURE_WA_0053,-117.31551794871706,48.936886863105144,BACKGROUND,1.52,96.83,15.13,22.37,1257.88,25.38,1.85,62.78,1170.14,20142.38
NURE_WA_0054,-118.20630006356674,47.82822342477121,BATHOLITH,29.25,44.5,50.48,17.21,1015.61,29.32,4.12,39.34,4327.4,45715.94
NURE_WA_0055,-117.23437729493065,47.80510035306187,BACKGROUND,9.61,48.25,12.17,4.82,359.68,68.15,1.64,34.72,5792.7,48229.43
NURE_WA_0056,-119.73452249384424,47.55847946855695,BACKGROUND,16.52,26.84,99.21,7.33,856.51,26.88,1.48,222.71,3359.13,35222.68
NURE_WA_0057,-119.41205141274257,48.255307112176,MCC,13.27,77.61,83.92,72.38,368.44,60.07,0.85,182.42,7207.4,16389.66
NURE_WA_0058,-119.86431813326838,48.40374581322019,MCC,7.38,125.82,57.32,124.05,3483.22,109.56,1.57,91.63,1517.17,19196.74
NURE_WA_0059,-119.0240090077102,47.60513382308537,BACKGROUND,21.71,16.45,13.82,19.37,600.97,9.85,2.71,79.12,3827.92,40630.84
NURE_WA_0060,-118.83396813093155,48.74084418671202,MCC,11.07,62.24,40.22,35.82,816.06,26.04,5.2,140.44,3275.56,44171.33
NURE_WA_0061,-119.18595290467832,48.22526213559684,MCC,43.15,179.61,59.44,82.57,618.52,23.74,1.11,111.39,10084.88,103429.55
NURE_WA_0062,-117.51378747254421,48.33902443092413,BACKGROUND,8.58,10.26,14.4,10.28,364.64,14.06,1.65,34.34,5841.93,16556.12
NURE_WA_0063,-118.92974001991924,48.205220395101165,MCC,12.24,68.7,280.17,44.77,1502.48,81.19,4.01,80.27,1901.93,29514.76
NURE_WA_0064,-119.15719647093786,48.14122089740052,MCC,3.52,124.34,62.5,191.16,931.87,39.91,1.48,166.99,3601.08,15664.36
NURE_WA_0065,-118.37191175052526,48.39542453009315,BATHOLITH,10.01,72.7,69.13,5.93,322.43,22.01,1.43,117.58,1008.59,135318.8
NURE_WA_0066,-119.57722732507571,47.74838439348914,BACKGROUND,15.29,34.72,31.96,68.56,982.05,13.78,1.99,179.51,14071.47,33389.08
NURE_WA_0067,-117.59340905773789,47.791085008792436,BACKGROUND,28.85,37.59,49.98,49.52,409.88,10.2,4.05,76.63,2349.98,20539.32
NURE_WA_0068,-119.77634806896069,48.87885699362163,MCC,32.04,180.47,106.0,77.94,923.39,50.24,3.34,156.34,7460.36,44450.2
NURE_WA_0069,-117.03933919019845,49.013784739413815,BACKGROUND,13.79,44.96,10.86,17.29,340.4,10.61,1.98,66.31,3252.96,10502.06
NURE_WA_0070,-117.68326569211003,48.09729490604761,BACKGROUND,6.76,154.35,22.69,17.05,538.58,14.11,1.45,59.16,2526.92,48698.62
NURE_WA_0071,-119.40385295539748,47.93319147702969,BACKGROUND,3.35,91.69,19.26,15.89,169.36,21.95,1.08,106.38,4500.3,63822.68
NURE_WA_0072,-119.98343364862919,48.530399269182425,MCC,5.18,10.14,71.84,241.49,2786.07,47.23,1.63,160.98,2249.01,39085.53
NURE_WA_0073,-117.5536157146355,48.153974673756956,BACKGROUND,13.67,457.32,31.37,12.96,507.25,5.79,1.46,82.01,2885.57,32657.96
NURE_WA_0074,-117.87942796845715,47.54061816905655,BATHOLITH,5.57,77.18,83.08,8.38,319.63,28.81,1.84,66.86,5779.98,22894.44
NURE_WA_0075,-117.81297849587703,47.74984415578591,BATHOLITH,3.73,46.14,56.98,16.4,782.45,14.88,6.43,245.59,1847.6,40092.79
NURE_WA_0076,-117.68618895994216,48.645555566155835,BACKGROUND,6.63,48.65,9.4,47.79,575.89,13.18,1.68,111.19,4838.16,28002.81
NURE_WA_0077,-119.77786604479773,48.554278307056244,MCC,4.85,19.39,40.84,20.45,1107.99,40.59,1.67,230.25,4625.2,35453.52
NURE_WA_0078,-118.92460281436718,47.54335358800557,BACKGROUND,2.19,109.17,21.24,34.6,283.96,6.52,3.37,126.78,2339.96,18529.54
NURE_WA_0079,-119.65239282142461,47.85515545909272,BACKGROUND,14.44,17.07,88.83,9.35,733.03,12.86,3.0,76.1,3525.65,30701.02
NURE_WA_0080,-117.41068972237322,47.86971967454092,BACKGROUND,2.46,85.16,14.76,16.37,296.43,3.73,1.93,392.12,5962.01,29693.42
NURE_WA_0081,-118.13010561951732,48.57502838975797,BATHOLITH,5.29,286.97,31.53,47.6,344.47,16.5,5.06,90.19,4292.77,51702.27
NURE_WA_0082,-119.00730592544205,47.53153686040698,BACKGROUND,0.94,56.86,51.54,6.43,746.08,22.47,0.61,61.23,3098.27,27166.97
NURE_WA_0083,-119.80932494914192,47.66657373117532,BACKGROUND,3.05,23.67,90.99,18.1,349.95,15.09,2.89,105.89,3442.7,20929.57
NURE_WA_0084,-119.06705303485302,48.7798657365971,MCC,4.54,38.94,41.81,12.06,891.81,47.09,2.57,83.83,1878.56,72001.47
NURE_WA_0085,-119.02445003391976,47.78567145928693,BACKGROUND,11.47,78.21,18.58,15.91,185.91,18.53,3.02,56.25,3539.3,30649.02
NURE_WA_0086,-117.81118146498581,48.544393772563,BATHOLITH,12.22,61.21,7.76,12.74,582.74,24.61,1.52,346.14,1349.62,21955.7
NURE_WA_0087,-118.08732758593436,47.88109244967476,BATHOLITH,6.67,22.98,45.81,26.97,528.36,18.55,1.69,41.97,2593.35,32743.17
NURE_WA_0088,-117.33836177227101,47.659106228414956,BACKGROUND,5.86,72.58,13.95,20.24,706.57,14.73,1.08,60.38,6116.89,64958.57
NURE_WA_0089,-118.58335522451415,47.88907550559912,BACKGROUND,15.05,158.13,30.42,15.26,514.29,7.72,3.0,167.84,3003.1,23126.09
NURE_WA_0090,-119.6412172621851,48.655627090969055,MCC,26.65,120.63,80.85,429.36,1693.8,47.77,1.5,155.46,3489.8,20937.04
NURE_WA_0091,-117.86026563833101,48.86911434897006,BATHOLITH,24.97,37.74,6.48,45.81,351.97,23.93,0.72,168.8,1971.36,45007.27
NURE_WA_0092,-117.71764485414931,48.82835178330719,BACKGROUND,2.56,32.75,40.07,21.62,711.41,46.18,0.9,252.27,4088.6,18232.73
NURE_WA_0093,-118.31616840729151,48.13549364738953,BATHOLITH,2.76,219.5,23.82,14.66,75.06,19.36,1.03,75.82,2184.27,24496.38
NURE_WA_0094,-117.68709846013631,48.56893621851304,BACKGROUND,5.71,82.98,64.9,14.56,394.58,26.25,3.81,155.15,2275.82,37938.77
NURE_WA_0095,-118.51861321090682,47.827974872665315,BACKGROUND,1.29,59.98,14.87,18.5,623.89,11.78,1.47,104.87,2111.59,16436.45
NURE_WA_0096,-118.43180151185402,47.96903636841762,BATHOLITH,15.72,27.88,62.21,29.1,197.59,10.6,4.16,59.72,2982.66,38776.89
NURE_WA_0097,-118.71737694492435,48.93413730963379,MCC,17.89,108.96,288.3,328.32,3451.68,63.09,1.37,64.93,5155.56,37849.32
NURE_WA_0098,-119.92374261976771,47.52080307761718,BACKGROUND,9.72,13.15,54.32,8.63,415.83,17.73,6.48,577.23,5402.01,27113.2
NURE_WA_0099,-119.67632571902008,47.63681364936715,BACKGROUND,8.83,96.24,17.33,88.26,584.5,20.34,3.1,130.0,6144.38,21313.29
NURE_WA_0100,-119.9057124429398,47.832618008233645,BACKGROUND,3.55,18.39,32.62,37.87,663.17,39.06,2.14,149.09,2106.38,24214.55
NURE_WA_0101,-118.09076876620865,47.542451526198114,BATHOLITH,13.64,125.98,23.95,18.65,221.74,12.66,3.51,141.56,5093.48,30852.13
NURE_WA_0102,-119.05693205677102,47.79029669614368,BACKGROUND,3.26,82.24,32.13,29.82,384.33,4.68,3.94,78.9,2391.49,44086.29
NURE_WA_0103,-118.4742879265059,48.43286649755151,BATHOLITH,5.98,162.71,55.4,34.98,241.23,30.22,2.48,83.85,4178.05,11208.36
NURE_WA_0104,-117.27730057822173,48.174279280948,BACKGROUND,2.4,14.9,6.37,50.0,362.95,36.13,1.59,39.92,2077.59,59553.76
NURE_WA_0105,-119.25212331255338,48.928274737723164,MCC,16.13,73.49,130.49,93.45,484.44,37.44,4.98,78.21,3277.76,22394.21
NURE_WA_0106,-118.7688512308931,48.80790969878151,MCC,2.41,25.97,41.2,119.18,625.13,18.45,5.51,55.66,1535.96,18957.19
NURE_WA_0107,-117.73334658437085,48.0469077627166,BACKGROUND,1.32,41.31,49.84,6.79,540.1,19.22,2.05,114.06,4304.91,19123.87
NURE_WA_0108,-119.31360550352514,47.91507749349007,BACKGROUND,1.92,91.71,44.46,7.61,810.14,36.21,1.15,61.87,6784.51,34888.37
NURE_WA_0109,-119.76906027051362,48.10750785306763,MCC,25.05,170.75,87.64,18.36,2572.83,82.6,1.89,100.45,1650.89,39915.58
NURE_WA_0110,-119.1307456412587,48.444471908023694,MCC,16.64,362.97,53.06,98.11,905.23,47.18,1.95,116.59,3143.79,27902.11
NURE_WA_0111,-119.51633613823799,47.9289018253166,BACKGROUND,3.93,12.06,97.1,62.54,251.29,22.63,1.62,119.09,4542.54,26354.09
NURE_WA_0112,-117.21090704297228,48.498638252558614,BACKGROUND,2.95,25.87,10.55,9.91,495.68,10.38,3.13,234.73,2797.39,34273.03
NURE_WA_0113,-117.57563886130674,48.15505864350599,BACKGROUND,7.94,66.99,7.05,23.52,1128.84,22.52,2.34,265.88,3482.42,21286.09
NURE_WA_0114,-118.09978873046873,48.38327548936317,BATHOLITH,16.53,393.35,14.06,6.27,608.9,23.03,1.89,230.35,1836.87,44072.59
NURE_WA_0115,-117.38561822943684,48.19780244661651,BACKGROUND,23.67,241.46,11.95,12.53,828.68,12.45,2.09,104.36,1330.89,29782.84
NURE_WA_0116,-117.58898376930266,47.97114521526707,BACKGROUND,3.19,56.69,16.54,84.94,292.53,10.47,1.63,139.03,2169.02,32358.07
NURE_WA_0117,-119.4402898233419,49.01752529113945,MCC,17.98,96.63,37.65,22.22,901.8,219.39,4.27,48.65,1853.39,39205.1
NURE_WA_0118,-117.32232300453006,48.72176927065562,BACKGROUND,8.93,37.17,20.38,26.01,539.59,4.51,1.89,64.18,4252.44,157113.85
NURE_WA_0119,-118.38197327425304,47.72418108122633,BATHOLITH,8.79,102.06,28.71,22.71,414.58,37.29,1.16,125.57,2231.3,40372.44
NURE_WA_0120,-117.57767953450781,48.889548761436664,BACKGROUND,10.51,50.46,96.71,15.67,651.21,10.02,1.83,109.11,1654.46,13674.25
NURE_WA_0121,-117.31172610022952,48.27988991719922,BACKGROUND,9.32,14.6,14.14,46.34,1638.04,6.41,0.76,290.39,4789.29,18543.63
NURE_WA_0122,-119.0459895750844,48.93128356303055,MCC,14.23,172.54,29.84,50.41,2839.37,28.61,1.29,85.42,2490.73,38167.39
NURE_WA_0123,-119.66984422641697,48.779768409515704,MCC,5.48,22.64,29.1,32.92,166.65,25.58,2.09,67.33,11884.51,51064.7
NURE_WA_0124,-119.31619451237418,48.18034160715077,MCC,22.46,255.92,49.9,52.85,1226.3,9.59,1.93,90.13,8528.17,36113.33
NURE_WA_0125,-118.71867663412124,47.53595089331219,BACKGROUND,5.25,107.75,19.4,11.07,441.56,26.0,2.82,105.46,4291.11,22003.93
NURE_WA_0126,-117.54595570223252,47.92988377501592,BACKGROUND,4.81,26.46,17.7,60.73,283.01,10.54,1.07,45.52,3479.08,21309.08
NURE_WA_0127,-117.41780825023098,48.36661474345739,BACKGROUND,11.94,132.85,38.92,7.68,460.11,15.38,2.99,149.06,2568.25,31408.34
NURE_WA_0128,-119.97914360840643,48.513565151721835,MCC,42.78,153.45,99.97,78.69,644.86,37.67,3.89,239.86,2587.6,40239.52
NURE_WA_0129,-118.4677580922673,47.91262029669313,BATHOLITH,5.43,65.42,28.71,31.07,1144.4,23.84,2.55,289.37,7140.66,28513.27
NURE_WA_0130,-118.74776699055366,47.72296971851652,BACKGROUND,2.49,99.96,13.39,8.55,337.92,10.54,3.44,94.33,1802.79,30533.38
NURE_WA_0131,-119.3336765685878,48.83588837887888,MCC,8.58,38.86,74.64,17.57,1198.68,27.08,3.58,55.96,4074.91,29145.83
NURE_WA_0132,-119.64040389799895,49.07504348912568,MCC,42.81,70.18,41.08,25.68,2288.89,19.97,3.02,183.63,5197.65,44556.92
NURE_WA_0133,-118.98715448578912,48.341104291684296,MCC,7.47,441.69,44.9,54.52,1245.18,59.0,1.59,106.79,1945.11,57250.01
NURE_WA_0134,-117.17127088826244,47.77468685735729,BACKGROUND,4.44,31.1,38.7,10.99,551.53,29.39,1.37,126.23,4597.02,28435.3
NURE_WA_0135,-119.03039120393774,47.93569172243099,BACKGROUND,3.72,44.48,20.23,26.14,1137.85,28.12,1.04,145.28,8062.68,37192.09
NURE_WA_0136,-118.4436281347699,47.529425082475946,BATHOLITH,25.73,450.16,97.31,24.37,918.46,16.73,2.17,84.68,9182.21,19063.52
NURE_WA_0137,-117.89094312331447,48.9628780904968,BATHOLITH,9.37,15.66,33.56,3.45,727.81,25.22,1.54,110.2,11403.73,22672.72
NURE_WA_0138,-118.90911119286211,47.68840173262423,BACKGROUND,19.42,235.52,22.7,45.96,1082.53,10.23,1.64,203.63,9822.71,41006.5
NURE_WA_0139,-117.08465375183712,48.422426360822804,BACKGROUND,2.72,240.36,14.54,14.98,622.05,36.54,3.44,129.52,4989.0,30745.24
NURE_WA_0140,-117.11265811517367,47.93848835309953,BACKGROUND,9.0,18.34,17.44,4.99,693.64,16.78,3.28,39.23,7152.46,19180.08
NURE_WA_0141,-119.2446531125239,48.38668480402527,MCC,13.34,47.87,101.44,89.27,879.26,67.69,1.51,118.41,6081.35,29458.05
NURE_WA_0142,-118.50825448232284,48.54227262136298,MCC,7.99,84.74,41.39,23.09,1012.78,14.2,1.63,87.86,3347.72,26250.69
NURE_WA_0143,-119.09736507054969,48.827586885931524,MCC,20.18,227.8,31.52,17.4,690.86,28.19,1.76,67.14,1880.66,23305.3
NURE_WA_0144,-119.1454785168676,47.830274034816966,BACKGROUND,9.28,28.9,16.04,9.15,505.6,9.64,2.95,38.22,3161.09,35465.97
NURE_WA_0145,-119.8893391579364,47.51759332585357,BACKGROUND,6.59,432.64,30.28,8.58,487.97,5.76,2.05,64.83,6410.46,22128.77
NURE_WA_0146,-118.17130699806032,47.71901700811009,BATHOLITH,6.55,34.57,122.86,15.15,1421.35,24.24,2.8,126.24,4800.41,10305.59
NURE_WA_0147,-118.49196293031342,48.940029826956966,BATHOLITH,12.83,49.51,7.88,18.95,1323.63,30.82,2.07,174.4,3149.05,11667.26
NURE_WA_0148,-119.84556374625004,48.898224124100025,MCC,83.5,147.01,74.24,61.98,5942.17,152.78,7.34,94.21,4546.07,12943.68
NURE_WA_0149,-119.16406060729017,48.455860963472496,MCC,5.2,133.82,22.06,29.48,786.14,26.78,1.59,75.92,6125.31,16263.85
NURE_WA_0150,-117.27520234210004,48.460826976693845,BACKGROUND,15.59,29.98,12.45,16.34,989.66,17.19,1.6,134.57,2094.05,43791.01
NURE_WA_0151,-119.28131432799908,48.56405867927401,MCC,12.99,223.22,89.78,83.9,3380.1,70.13,1.98,53.37,2596.36,25958.18
NURE_WA_0152,-119.56531538372633,47.78059404579752,BACKGROUND,5.53,26.62,12.29,18.68,842.77,37.3,1.91,100.38,1968.34,87962.73
NURE_WA_0153,-118.53164171916731,48.963059113479936,MCC,3.92,271.52,37.18,26.77,619.19,130.81,2.42,104.12,6309.39,20920.1
NURE_WA_0154,-117.04304863766819,48.170032839827314,BACKGROUND,5.93,30.01,61.43,16.5,217.45,13.06,2.46,62.7,2456.24,22169.07
NURE_WA_0155,-119.2738341854655,48.1130216451992,MCC,9.0,302.99,33.54,61.76,794.0,54.39,3.14,286.81,3500.77,43483.59
NURE_WA_0156,-117.98359335778237,48.33026832845254,BATHOLITH,27.35,41.53,69.17,16.84,496.51,16.24,2.47,96.48,4346.61,72001.92
NURE_WA_0157,-117.71514115401385,47.57514554684009,BACKGROUND,11.66,31.45,10.79,43.86,836.28,34.93,1.53,90.6,1554.6,24142.54
NURE_WA_0158,-119.2870873680228,47.76605339000973,BACKGROUND,3.83,17.57,9.09,25.38,498.99,20.2,0.86,103.46,12198.38,24414.46
NURE_WA_0159,-117.81535095416442,48.68085378628219,BATHOLITH,14.37,115.95,59.47,22.75,704.22,22.74,3.05,55.37,1497.16,12681.24
NURE_WA_0160,-118.89665060184224,47.632477868680205,BACKGROUND,9.28,18.33,48.83,13.03,391.49,9.71,0.75,116.85,9974.5,28987.29
NURE_WA_0161,-118.10308250821926,48.46504337514622,BATHOLITH,2.1,152.59,10.14,7.24,450.8,16.52,1.23,88.23,5736.8,48141.76
NURE_WA_0162,-118.09941086771731,47.89255857549011,BATHOLITH,38.57,125.45,26.27,40.49,666.46,20.44,2.37,62.05,2182.0,28438.74
NURE_WA_0163,-118.39267594777573,48.122872982467165,BATHOLITH,4.08,83.09,162.58,4.63,710.56,14.88,2.75,81.04,3558.51,32246.69
NURE_WA_0164,-119.72913068983678,47.96190997883312,BACKGROUND,1.6,37.83,6.96,34.11,182.86,27.3,2.72,130.85,1162.06,25012.93
NURE_WA_0165,-117.49409251323229,48.06907634634392,BACKGROUND,14.78,29.85,9.22,11.65,495.38,9.63,4.25,99.27,2835.63,14585.0
NURE_WA_0166,-119.03765980508479,48.6504734482948,MCC,10.72,320.51,12.73,38.23,1525.66,52.83,1.62,104.88,970.96,20834.25
NURE_WA_0167,-119.44044446880044,47.97539474499708,BACKGROUND,2.5,48.28,32.83,14.89,565.5,9.05,1.91,144.33,4209.65,21679.49
NURE_WA_0168,-119.8776745753357,48.40624742447503,MCC,11.09,135.54,6.68,84.53,694.53,31.79,4.16,48.09,2603.72,25574.65
NURE_WA_0169,-118.22732117043527,48.26168064351856,BATHOLITH,23.98,22.52,14.25,23.47,264.17,12.39,2.56,85.56,3663.98,22378.13
NURE_WA_0170,-117.96730691447316,48.561873864580235,BATHOLITH,14.36,384.72,44.62,23.88,755.45,7.64,5.51,115.12,9537.4,19987.95
NURE_WA_0171,-119.95023651321644,48.99892758291961,MCC,23.47,158.48,59.82,35.03,2178.22,36.3,0.72,55.38,3480.87,35641.27
NURE_WA_0172,-118.46372082510216,48.6721153555364,BATHOLITH,23.68,13.74,38.68,4.36,784.04,14.65,2.71,63.73,7844.52,53477.21
NURE_WA_0173,-119.32051267440619,47.84390460574521,BACKGROUND,5.08,74.48,12.56,40.36,1284.14,27.95,1.43,125.73,1883.76,41223.3
NURE_WA_0174,-118.06448162877165,47.54989301609805,BATHOLITH,13.71,16.13,14.32,15.64,435.44,7.89,2.66,118.3,3464.65,19737.28
NURE_WA_0175,-119.47690071298503,47.91962247087972,BACKGROUND,22.45,30.73,13.59,29.8,421.85,14.29,3.23,35.69,8015.29,31246.52
NURE_WA_0176,-117.9271867856926,48.45212468912041,BATHOLITH,5.14,54.6,28.06,4.68,1178.68,15.79,2.74,174.41,2190.41,39023.03
NURE_WA_0177,-118.8397939610984,47.5822813015748,BACKGROUND,11.45,7.82,20.84,11.99,653.85,20.03,1.45,69.33,3629.05,18254.4
NURE_WA_0178,-117.1898100337898,48.29418599552198,BACKGROUND,11.4,33.8,2.01,14.49,289.25,6.25,1.08,109.34,8061.37,35704.28
NURE_WA_0179,-119.58743716756202,48.45494855826702,MCC,13.45,109.5,31.73,17.72,3619.75,26.21,5.11,63.89,5163.22,15969.44
NURE_WA_0180,-118.97680094684922,48.03479022530714,MCC,15.41,126.54,134.29,47.85,832.31,84.08,1.14,137.03,6618.54,24370.89
NURE_WA_0181,-119.65957943627824,48.73345952599332,MCC,16.81,51.23,144.58,15.23,830.64,27.39,3.0,191.0,6917.97,33976.77
NURE_WA_0182,-117.22591914516431,47.670557205014035,THORITE_ANOMALY,2.579544370531709,15.39,98.49,4.29,333.01,29.12,13.14689047115604,172.15,5213.96,67796.35
NURE_WA_0183,-117.36798193985706,47.620220450777296,BACKGROUND,7.23,20.8,12.88,10.41,815.29,25.43,2.75,198.35,2007.91,75648.92
NURE_WA_0184,-119.22617511685453,48.66510200992577,MCC,59.44,32.44,306.37,125.7,994.74,68.36,1.21,145.01,1859.76,19171.75
NURE_WA_0185,-118.02004786189747,48.29278610592992,BATHOLITH,18.94,82.59,24.44,3.4,458.19,20.75,1.8,101.62,3481.31,25108.73
NURE_WA_0186,-117.54833339939636,48.60144383428438,BACKGROUND,4.51,152.85,3.6,12.57,317.54,17.43,2.24,252.97,11384.68,19548.94
NURE_WA_0187,-118.33439756520161,48.195723741765995,BATHOLITH,8.11,16.42,78.28,17.15,789.36,19.71,1.43,116.83,1377.27,41934.73
NURE_WA_0188,-118.41104826493198,47.89424325318257,BATHOLITH,10.84,124.94,34.62,22.4,315.65,10.4,4.14,228.2,3381.43,30787.69
NURE_WA_0189,-119.27444312729864,48.81056370827872,MCC,44.6,237.52,338.25,28.3,1238.96,52.11,3.07,91.3,2378.02,48928.38
NURE_WA_0190,-119.7206916965823,48.77906540635037,MCC,3.14,169.3,71.44,26.39,640.81,25.01,1.33,104.63,1169.77,48794.22
NURE_WA_0191,-117.30835272614001,48.611514353367085,BACKGROUND,19.78,34.92,18.97,11.74,438.55,33.89,0.54,208.9,4654.22,15368.14
NURE_WA_0192,-117.29874582851001,47.93543221956794,BACKGROUND,2.31,125.44,58.55,10.24,412.35,9.28,2.57,268.86,5697.87,53299.58
NURE_WA_0193,-118.10069562818019,48.44436906699054,BATHOLITH,12.41,220.88,25.09,7.4,660.12,49.08,1.22,84.21,4861.08,29128.43
NURE_WA_0194,-118.9829106268539,48.07755823510404,MCC,20.7,456.01,38.31,13.41,313.38,25.61,3.95,133.92,3853.58,21646.57
NURE_WA_0195,-118.95237127616201,47.64653131732261,BACKGROUND,11.33,98.35,6.25,74.39,707.34,33.54,1.02,48.25,3552.78,39662.5
NURE_WA_0196,-117.82213296338928,48.96770172073959,BATHOLITH,33.15,108.66,24.28,8.42,1017.64,9.04,5.29,87.89,9321.59,43732.08
NURE_WA_0197,-117.30866922014226,47.71890980947034,BACKGROUND,3.67,34.6,32.32,21.11,370.15,14.08,2.24,31.61,4974.85,17432.52
NURE_WA_0198,-117.33874072720465,49.02037976611329,BACKGROUND,1.01,25.96,10.45,16.22,457.1,26.28,5.16,55.36,11650.94,19481.71
NURE_WA_0199,-117.66037336242712,48.21360923673273,BACKGROUND,7.9,51.26,21.21,7.32,1150.26,42.05,0.84,58.32,3304.14,17579.91
NURE_WA_0200,-118.07390506153713,47.79621268614179,BATHOLITH,3.89,111.69,33.49,11.23,893.74,17.78,0.77,171.35,4275.27,64895.94
NURE_WA_0201,-119.74758010501485,48.367041515805376,MCC,7.39,97.96,111.65,26.33,1018.31,34.49,1.13,67.65,4246.17,58463.07
NURE_WA_0202,-119.51511385771616,48.896713337402254,MCC,34.75,146.81,359.37,181.27,2218.78,162.12,2.92,65.54,3647.78,22836.42
NURE_WA_0203,-117.30433743441876,48.6715598182553,BACKGROUND,8.81,53.69,33.54,62.42,491.25,11.13,3.42,93.39,2132.01,14884.5
NURE_WA_0204,-118.18071282102123,48.79049783657832,BATHOLITH,33.75,154.56,44.92,6.75,383.02,11.02,2.05,130.31,4865.82,11209.75
NURE_WA_0205,-119.97240884515011,48.55405338673715,MCC,19.54,407.49,91.7,138.66,1865.7,91.16,2.86,97.46,13604.9,49135.82
NURE_WA_0206,-119.6955853714019,48.60764250322856,MCC,3.15,25.36,46.57,36.05,590.32,26.92,5.17,151.31,2049.57,28212.71
NURE_WA_0207,-118.00949469267583,48.85871304250451,BATHOLITH,5.55,44.13,20.6,6.96,479.34,11.31,0.42,321.23,7057.37,24359.99
NURE_WA_0208,-119.98481524846135,47.899468814174696,BACKGROUND,2.13,188.59,109.81,22.56,907.55,17.01,1.02,81.89,4151.59,23325.64
NURE_WA_0209,-119.5175758457475,48.28307994182902,MCC,18.27,165.05,81.97,80.13,1107.22,40.19,1.05,176.97,1200.49,56899.5
NURE_WA_0210,-118.35379863190025,47.853935106911365,BATHOLITH,5.56,6.65,21.18,18.77,293.77,11.6,5.01,148.78,2310.93,12375.47
NURE_WA_0211,-117.92431440692192,49.080268812794635,BATHOLITH,5.64,82.72,17.25,30.31,1504.56,24.26,2.09,92.96,3166.27,57759.42
NURE_WA_0212,-118.0441162214922,49.010494943498585,BATHOLITH,11.17,91.18,28.33,6.32,615.41,14.92,2.83,76.54,7593.53,18456.62
NURE_WA_0213,-119.32719207161833,47.56308289818961,BACKGROUND,1.32,66.01,33.62,10.21,651.01,31.38,0.63,135.98,968.3,17568.93
NURE_WA_0214,-117.8634623359574,48.628920276025106,BATHOLITH,23.14,29.83,8.97,16.79,1619.49,5.59,1.2,236.06,10809.82,28339.36
NURE_WA_0215,-119.2882527375096,48.98039730786507,MCC,125.01,669.06,153.7,38.86,1932.56,54.51,2.58,230.06,6283.85,16513.64
NURE_WA_0216,-119.0238009055222,47.788920552203734,BACKGROUND,7.34,81.44,76.72,7.85,504.38,11.5,0.9,124.71,15533.92,10818.51
NURE_WA_0217,-117.76052578464592,48.40871236888421,BACKGROUND,5.51,78.34,25.07,18.02,250.32,17.56,1.41,30.55,7483.88,51062.13
NURE_WA_0218,-118.05110130285836,48.96478127614087,BATHOLITH,6.81,115.5,30.42,56.2,639.3,36.63,1.68,111.47,6102.62,21852.53
NURE_WA_0219,-117.45232976851747,47.55431356573728,BACKGROUND,3.35,24.63,34.96,4.3,217.11,43.36,1.43,114.97,1689.76,31620.28
NURE_WA_0220,-118.02716132309897,48.615872427594944,BATHOLITH,22.92,47.71,79.51,32.74,1845.65,6.8,4.31,194.31,2249.22,52461.22
NURE_WA_0221,-118.29507418999358,47.97575841179608,BATHOLITH,5.81,28.75,15.45,109.09,514.69,23.82,1.38,66.77,7030.86,14200.09
NURE_WA_0222,-119.71897569651573,48.979033912602446,MCC,7.48,64.81,25.05,35.38,970.92,29.81,1.24,87.9,7484.59,49288.92
NURE_WA_0223,-118.8968525908217,49.05369319226459,MCC,13.09,15.29,40.63,165.99,525.24,16.78,3.27,43.74,2716.83,41776.76
NURE_WA_0224,-119.20439289695483,49.0108263825815,MCC,6.96,127.92,48.14,37.03,638.52,28.38,2.0,132.64,2929.35,27122.64
NURE_WA_0225,-119.26803106986274,48.25874274665194,MCC,8.79,37.43,14.32,39.28,926.02,38.11,1.69,129.03,5237.06,38406.96
NURE_WA_0226,-117.08096833574267,48.879268241582906,BACKGROUND,6.41,62.24,22.76,3.49,562.38,52.64,1.76,68.72,4746.28,35688.32
NURE_WA_0227,-118.82070682599972,48.85127903765611,MCC,14.11,169.49,171.08,104.85,2247.33,33.84,2.68,68.95,6166.86,56824.75
NURE_WA_0228,-117.32386033446866,48.01056075718921,BACKGROUND,4.17,38.79,101.82,14.79,920.97,18.63,1.78,48.82,4339.11,31567.32
NURE_WA_0229,-118.10658412200821,48.82626475864109,BATHOLITH,36.72,191.75,28.77,30.87,819.49,30.33,3.85,166.9,3240.14,21857.96
NURE_WA_0230,-117.61556608937505,47.55921221554479,BACKGROUND,12.3,38.18,54.93,66.35,309.54,9.7,1.98,122.04,2884.8,63524.12
NURE_WA_0231,-118.49208872068442,48.45403180557128,BATHOLITH,6.2,39.66,23.12,23.81,240.92,7.7,0.47,173.54,3891.44,53659.19
NURE_WA_0232,-118.26928834612092,47.868014139660325,BATHOLITH,11.23,106.92,27.57,5.43,1354.65,33.53,1.73,136.55,2949.14,17281.58
NURE_WA_0233,-118.52244691854341,47.69290701724365,BACKGROUND,1.43,36.24,24.27,78.29,845.86,6.11,2.14,104.11,3399.81,42321.61
NURE_WA_0234,-119.41427103660587,47.62312512260674,BACKGROUND,1.75,32.71,33.71,34.86,558.94,13.15,2.01,155.14,3931.94,16842.2
NURE_WA_0235,-117.83264365421549,48.61406204140503,BATHOLITH,3.43,22.54,128.86,38.78,484.99,12.0,1.56,188.66,11093.6,21453.92
NURE_WA_0236,-119.15768291267743,48.043799942028905,MCC,10.48,69.69,143.26,35.53,1097.37,32.05,0.87,120.74,2824.45,13647.52
NURE_WA_0237,-119.92705210070564,48.65962683444602,MCC,8.08,239.58,20.64,22.68,1296.4,16.36,1.49,40.89,6426.91,25393.57
NURE_WA_0238,-118.0635831122785,47.60457014527831,BATHOLITH,17.45,36.25,25.11,8.22,286.07,9.26,1.63,83.13,4528.48,18309.39
NURE_WA_0239,-119.46866796177885,48.00446454052898,MCC,13.41,49.28,18.33,33.64,727.63,27.6,5.12,106.89,2707.09,18312.72
NURE_WA_0240,-117.17862424694125,48.36318606780054,BACKGROUND,1.67,99.92,3.52,29.73,317.93,11.62,1.3,229.41,3893.79,46519.93
NURE_WA_0241,-117.13821426899224,48.76515706374234,BACKGROUND,16.7,22.53,24.54,6.91,190.35,12.48,2.0,82.54,2001.26,24043.3
NURE_WA_0242,-117.25540682933865,48.01000400469131,BACKGROUND,7.08,137.34,14.13,53.64,226.94,12.5,1.78,120.12,6222.82,15011.25
NURE_WA_0243,-118.88952389923367,48.501426202299214,MCC,2.89,26.35,20.89,71.33,816.54,11.6,1.8,73.19,2603.22,51646.0
NURE_WA_0244,-119.9536301504134,48.9175643971779,MCC,41.52,176.12,107.9,25.89,910.36,13.41,1.6,135.3,7917.05,16243.18
NURE_WA_0245,-117.21504431223683,48.48538110109169,BACKGROUND,4.99,14.38,37.02,10.84,461.67,12.01,1.38,102.5,3423.89,24420.08
NURE_WA_0246,-118.71544755504806,47.87273515960582,BACKGROUND,3.08,79.8,11.56,45.65,550.45,36.36,8.18,79.28,3041.69,26181.71
NURE_WA_0247,-117.100035542869,47.53904125049046,BACKGROUND,9.29,138.62,13.14,27.2,477.14,21.74,4.95,90.06,1528.63,45336.34
NURE_WA_0248,-117.10914006873224,48.89215819824149,BACKGROUND,2.83,9.9,10.78,18.77,692.68,4.57,1.96,111.39,6180.85,44071.1
NURE_WA_0249,-117.44097163359793,47.53403105736062,BACKGROUND,9.19,119.84,18.86,53.49,378.14,16.86,2.94,159.0,5446.52,24956.72
NURE_WA_0250,-119.11665332379124,48.89952267629472,MCC,34.15,448.01,25.07,184.46,1045.27,78.18,0.98,142.4,2564.56,13692.14
NURE_WA_0251,-118.84470681419423,48.34629941444354,MCC,25.4,44.07,12.59,35.54,949.69,40.53,3.63,99.56,10796.65,33985.94
NURE_WA_0252,-117.44658998544944,49.00250831762064,BACKGROUND,1.48,36.93,17.1,44.04,664.9,8.03,2.36,149.32,9003.81,49094.07
NURE_WA_0253,-119.04923398453117,48.778053177237865,MCC,22.91,20.99,99.86,26.44,1233.09,58.01,1.58,41.32,8892.24,57247.41
NURE_WA_0254,-119.49152175994172,49.09669457685334,MCC,16.06,47.15,34.22,24.5,598.11,26.28,1.1,89.5,4593.85,83167.49
NURE_WA_0255,-118.32959621262495,48.06113890472274,BATHOLITH,12.24,108.97,6.65,27.87,838.25,21.39,2.05,123.78,4239.8,11760.89
NURE_WA_0256,-117.19153567751766,48.727501262289806,BACKGROUND,4.17,25.56,179.12,56.18,271.89,18.71,4.81,44.88,4027.01,32149.78
NURE_WA_0257,-117.91191060997508,48.143089461774785,BATHOLITH,18.0,38.04,139.53,77.6,2954.38,8.28,2.45,32.43,5243.89,22145.22
NURE_WA_0258,-118.2898164897319,48.26780099248626,BATHOLITH,4.31,16.34,22.17,3.82,780.3,4.91,2.18,32.51,3230.79,74655.21
NURE_WA_0259,-119.70847051868769,48.50400874114939,MCC,6.19,100.57,51.58,65.9,541.48,48.15,0.48,72.56,2943.45,42640.04
NURE_WA_0260,-118.1549783199025,48.89788338269814,BATHOLITH,1.78,20.55,27.11,18.54,373.18,11.82,3.15,77.22,3674.76,99969.37
NURE_WA_0261,-117.0298384496872,49.074533550718876,BACKGROUND,1.21,88.25,12.86,15.19,333.63,13.36,5.2,160.54,6224.23,13684.85
NURE_WA_0262,-119.57974795429043,48.72923746218323,MCC,52.43,100.55,24.38,18.2,2007.51,36.48,3.58,349.33,2517.2,15172.4
NURE_WA_0263,-118.44501104290879,48.168426851467736,BATHOLITH,16.18,23.17,25.69,61.95,208.04,17.59,1.59,110.23,5719.72,33921.43
NURE_WA_0264,-117.36788078421614,48.17417120364331,BACKGROUND,3.73,150.74,29.76,39.85,591.1,24.17,1.72,67.23,5893.3,56078.32
NURE_WA_0265,-117.77769414673739,48.680131682542225,BACKGROUND,9.11,25.56,6.29,17.55,401.78,16.43,1.75,33.8,3111.15,25333.71
NURE_WA_0266,-117.90895277701419,47.882043433229285,BATHOLITH,5.22,202.68,21.65,20.63,498.0,11.66,2.24,106.7,4033.2,18637.02
NURE_WA_0267,-117.89254774803867,47.67675858101023,BATHOLITH,16.78,62.31,40.77,22.75,648.48,21.04,1.95,62.08,1963.13,52769.12
NURE_WA_0268,-118.92152654634073,48.06739545222524,MCC,16.49,153.34,33.59,19.98,507.27,14.33,4.2,78.28,6925.9,27057.79
NURE_WA_0269,-119.11922446720652,47.95958238664653,BACKGROUND,2.27,28.17,73.69,8.03,1663.95,9.68,3.25,94.94,3230.32,14829.02
NURE_WA_0270,-117.57191653356446,47.97409299272959,THORITE_ANOMALY,17.311190714604027,17.52,5.58,21.87,361.71,39.28,18.930348077167167,263.75,2645.28,32365.59
NURE_WA_0271,-117.56965981596245,47.87377240167986,BACKGROUND,0.64,41.91,16.38,18.9,620.54,25.3,2.15,145.03,9571.85,37078.85
NURE_WA_0272,-117.39878304425969,47.56734910341818,BACKGROUND,7.33,6.46,14.74,10.47,504.74,4.56,4.46,89.59,4604.86,33964.39
NURE_WA_0273,-117.26027834233058,47.52859829557346,BACKGROUND,16.18,46.46,33.74,15.83,185.84,12.14,3.33,87.26,3365.96,51860.86
NURE_WA_0274,-118.46597280341719,49.080355823577655,BATHOLITH,5.14,45.92,24.77,29.03,466.96,7.39,2.07,97.41,6628.39,17505.84
NURE_WA_0275,-118.49545111593841,48.18443701397738,BATHOLITH,6.62,23.2,9.66,99.1,470.84,25.94,0.83,444.25,6332.22,26048.52
NURE_WA_0276,-117.60511446309968,48.11492263545549,BACKGROUND,10.43,80.77,26.34,19.98,702.26,5.88,1.74,41.29,5395.63,20632.31
NURE_WA_0277,-118.05010820766671,48.58743565230891,BATHOLITH,1.53,50.39,13.43,29.87,105.66,9.6,1.15,89.26,2863.32,46712.91
NURE_WA_0278,-117.89409936822689,47.8492062205841,BATHOLITH,6.03,75.04,108.88,13.26,615.91,5.68,0.57,164.38,3846.84,57691.3
NURE_WA_0279,-117.6126219916917,49.019937894320364,BACKGROUND,8.72,217.83,32.09,24.93,516.94,6.46,4.55,73.33,5104.27,12614.95
NURE_WA_0280,-117.3299839745473,48.75815202306489,THORITE_ANOMALY,6.407037803042967,42.83,79.55,26.62,1097.49,27.99,7.812930279396319,67.53,2586.82,11582.24
NURE_WA_0281,-118.9860145294454,47.64305760369962,BACKGROUND,5.81,69.29,21.57,48.47,578.25,17.34,1.17,117.15,6851.74,18878.02
NURE_WA_0282,-118.87325114208016,48.16812924125588,MCC,18.55,42.66,10.82,45.51,439.63,23.56,1.82,99.54,5073.45,35265.74
NURE_WA_0283,-119.7180541804774,48.90658929209946,MCC,4.82,215.8,43.9,27.73,524.58,18.37,0.7,97.28,2769.02,17559.94
NURE_WA_0284,-118.26515957701147,49.01157123566626,BATHOLITH,11.67,400.07,9.79,51.98,882.52,10.02,2.4,79.84,4277.21,69299.56
NURE_WA_0285,-119.89217317860977,48.24784241799979,MCC,16.23,60.35,12.36,31.27,1887.16,12.43,1.19,110.36,2235.2,19339.34
NURE_WA_0286,-118.60320594560262,48.48145822273713,MCC,2.01,22.61,44.99,7.38,234.83,12.05,3.22,92.25,2982.37,30759.63
NURE_WA_0287,-118.37206609587727,47.76725431374732,BATHOLITH,14.71,108.97,27.73,45.75,275.33,28.85,2.34,85.38,3816.43,28279.18
NURE_WA_0288,-119.14037624361515,49.085869801819165,MCC,5.56,58.72,129.25,29.07,2043.29,95.46,1.72,150.14,2035.21,45609.46
NURE_WA_0289,-118.22750021829297,47.87067472221351,BATHOLITH,9.93,31.8,6.72,30.1,163.86,12.94,3.61,114.45,11367.02,52986.76
NURE_WA_0290,-119.90849925018286,49.0083708386162,MCC,17.15,130.94,17.96,26.82,1117.21,14.79,2.2,89.63,1526.07,37552.77
NURE_WA_0291,-119.88795543375235,48.53943463838779,MCC,12.33,63.29,66.77,62.91,1100.36,17.62,2.5,199.67,2771.8,96056.87
NURE_WA_0292,-117.53219831802103,48.47237887180618,BACKGROUND,5.81,26.26,27.25,4.64,380.09,8.42,2.31,178.61,5520.97,8056.58
NURE_WA_0293,-118.9194280757662,48.32030161762641,MCC,79.91,248.56,78.87,72.81,2454.11,31.79,1.52,141.61,3551.87,55917.77
NURE_WA_0294,-119.61881846204435,47.869071698748414,BACKGROUND,3.37,60.92,10.67,43.55,237.09,30.4,2.56,93.93,5892.11,39850.82
NURE_WA_0295,-118.43327021983559,47.782444851208815,BATHOLITH,22.64,182.51,40.11,9.58,381.04,14.83,3.91,79.89,3137.84,83641.53
NURE_WA_0296,-117.69001934070417,47.85277793451228,BACKGROUND,3.33,87.74,21.59,6.23,916.34,10.2,2.2,99.08,4383.86,8905.12
NURE_WA_0297,-119.35253691750947,47.798301219430805,BACKGROUND,4.28,130.71,49.73,9.35,274.53,18.74,1.34,108.92,2952.35,11177.81
NURE_WA_0298,-118.131328572543,48.74733515770681,BATHOLITH,1.25,78.35,20.01,12.49,756.77,29.59,1.84,85.19,5092.0,14142.26
NURE_WA_0299,-119.7439576050187,48.06020041466677,MCC,31.57,285.43,15.9,37.03,1114.37,57.51,2.8,235.97,2932.54,22775.73
NURE_WA_0300,-119.84495483649418,47.59254828250143,BACKGROUND,7.24,132.05,28.78,7.56,245.66,6.53,3.09,198.91,10759.95,47900.15
NURE_WA_0301,-118.40593610529555,49.050564208225296,BATHOLITH,22.42,42.68,13.0,40.18,648.59,16.38,2.66,123.1,7863.47,61540.29
NURE_WA_0302,-118.37809463516967,48.914057415941485,BATHOLITH,15.34,94.54,20.66,37.17,237.44,27.69,1.11,120.57,2414.97,40791.23
NURE_WA_0303,-118.08771029550537,48.984403653112345,BATHOLITH,2.83,123.17,26.4,41.23,514.87,19.22,1.26,74.21,2992.22,48262.67
NURE_WA_0304,-117.82172599883202,49.0918525162343,BATHOLITH,4.48,174.59,5.76,7.33,302.33,7.29,0.89,129.38,3426.82,37039.72
NURE_WA_0305,-117.07244376161239,47.77823239875118,BACKGROUND,7.06,79.47,21.35,7.37,924.97,11.13,1.28,93.23,2326.05,23810.7
NURE_WA_0306,-118.45109895509641,48.13398723024425,BATHOLITH,9.95,23.42,46.9,60.75,255.66,46.09,2.7,182.56,8704.55,51466.69
NURE_WA_0307,-119.03113058117626,48.71318156112655,MCC,63.82,232.57,229.63,220.08,1150.19,98.15,1.94,111.09,4140.47,31495.1
NURE_WA_0308,-117.61444141569389,48.61363298888607,BACKGROUND,1.81,10.96,4.52,48.22,335.06,16.61,2.01,62.94,6187.25,27964.22
NURE_WA_0309,-119.18750324621378,47.74623345014377,BACKGROUND,4.64,146.6,45.51,40.95,301.1,14.77,1.81,58.92,4711.71,22275.2
NURE_WA_0310,-118.68308573788309,48.80533299998499,MCC,21.85,42.2,211.88,21.01,1300.43,53.59,1.56,165.08,1951.77,67142.95
NURE_WA_0311,-119.76463085597321,47.859104914938655,BACKGROUND,3.44,35.83,44.37,12.17,339.56,13.65,1.12,282.38,2818.66,47595.97
NURE_WA_0312,-119.92394776975362,47.8581081837162,BACKGROUND,6.73,20.25,22.52,38.03,463.49,29.91,3.78,171.28,2990.53,16491.07
NURE_WA_0313,-117.11205475596623,48.35915907662946,BACKGROUND,3.39,54.12,35.64,3.25,512.19,16.85,1.84,210.56,4875.48,62061.4
NURE_WA_0314,-117.49205963846339,48.448703895746725,BACKGROUND,23.88,13.44,8.59,90.97,342.61,10.65,1.32,194.53,1925.67,30388.21
NURE_WA_0315,-117.9120773817189,48.4281379325405,BATHOLITH,21.24,33.91,26.79,15.3,971.34,3.2,2.12,97.03,3000.53,78164.91
NURE_WA_0316,-118.77314116675718,47.64637893983641,BACKGROUND,10.76,61.83,64.68,11.36,342.66,28.34,2.71,43.69,2861.32,37183.31
NURE_WA_0317,-119.48011703978746,48.90393738020861,MCC,44.08,101.28,7.76,118.73,1014.46,19.56,0.45,161.6,4143.97,26482.29
NURE_WA_0318,-119.53068887198674,47.92496006814193,BACKGROUND,9.62,176.53,7.1,19.24,209.91,13.59,1.87,145.65,3957.45,42406.14
NURE_WA_0319,-119.24927130550621,47.70722387405249,BACKGROUND,10.16,276.42,17.4,9.04,589.72,9.89,4.88,87.94,2819.94,23109.76
NURE_WA_0320,-118.35232000588164,48.92199692779037,BATHOLITH,16.37,64.14,21.1,79.21,320.03,15.74,3.08,41.64,5036.17,16718.82
NURE_WA_0321,-117.85621223189982,49.02904239716761,BATHOLITH,3.91,126.17,87.61,40.56,591.43,13.58,1.56,232.63,2618.12,16886.91
NURE_WA_0322,-118.0194078698468,48.87940418762472,BATHOLITH,4.36,31.15,10.17,13.24,491.43,17.66,3.63,137.82,3471.18,26888.63
NURE_WA_0323,-119.16019830916217,48.79522571955981,MCC,29.93,93.63,28.08,15.88,423.33,40.95,2.95,141.73,3593.02,65481.61
NURE_WA_0324,-117.13540415801042,48.54838716902243,BACKGROUND,12.53,44.5,13.64,32.43,645.7,18.81,2.24,100.76,14508.26,57875.34
NURE_WA_0325,-117.78630924991269,48.381371792974626,BACKGROUND,5.84,36.6,26.7,30.46,166.64,49.8,1.38,102.79,3934.05,90820.51
NURE_WA_0326,-118.3369378424658,47.63917881585826,BATHOLITH,3.15,66.03,14.18,29.36,604.57,26.25,1.38,104.86,1810.16,44282.68
NURE_WA_0327,-118.16483776129694,48.15352514091312,BATHOLITH,10.96,59.02,40.99,75.29,439.26,16.67,1.17,63.58,4073.79,55354.13
NURE_WA_0328,-118.74119981271663,48.0963016272197,MCC,13.53,95.38,42.21,73.7,653.09,91.44,1.48,153.55,1908.09,43488.05
NURE_WA_0329,-119.25680703149652,47.91560605401652,BACKGROUND,7.79,20.08,27.85,7.39,447.21,27.32,3.33,103.77,2247.44,42930.93
NURE_WA_0330,-118.93208196404622,48.65747218190174,MCC,8.65,10.02,65.32,29.2,1508.03,12.65,0.37,120.12,4535.84,11752.97
NURE_WA_0331,-117.72646166860689,48.29340117612603,BACKGROUND,56.08,35.64,41.58,11.52,161.43,14.04,1.85,82.44,3621.05,34748.83
NURE_WA_0332,-119.95681953411074,47.62967394545224,BACKGROUND,1.17,33.34,21.67,17.67,1694.5,42.66,1.41,33.13,3652.19,36980.31
NURE_WA_0333,-119.65178207847926,47.8522931231197,BACKGROUND,2.76,23.4,84.5,15.98,742.79,9.21,2.08,85.39,2653.37,56953.48
NURE_WA_0334,-119.86199207393474,48.59321402185535,MCC,5.2,172.38,49.19,81.7,1243.72,72.94,1.27,195.51,3797.58,14367.0
NURE_WA_0335,-119.87781359304309,47.62180937518448,BACKGROUND,4.79,11.09,29.84,45.77,1047.49,12.51,2.32,105.82,8814.96,19147.64
NURE_WA_0336,-117.43361824796698,48.86193106247803,BACKGROUND,3.84,22.94,6.77,24.34,1250.29,13.83,1.31,114.13,5349.53,27519.65
NURE_WA_0337,-117.88902642185992,48.29223444322236,BATHOLITH,29.7,46.98,55.04,2.23,2114.65,20.72,2.33,198.13,14152.93,48639.99
NURE_WA_0338,-118.57747851273803,48.26893852372264,MCC,14.89,96.42,35.94,23.49,829.65,17.23,2.06,40.43,4289.63,29413.68
NURE_WA_0339,-119.706497518047,48.44785245545523,MCC,12.0,1951.98,230.13,23.03,1918.78,36.11,1.22,48.94,4903.77,20568.72
NURE_WA_0340,-118.52515237464951,48.81948954548024,MCC,20.73,231.1,17.83,47.11,1170.35,19.01,1.4,251.2,4377.53,42702.53
NURE_WA_0341,-118.5795846876583,48.05649473264351,MCC,3.04,42.38,30.23,12.09,757.95,8.96,1.15,149.27,5393.23,24150.5
NURE_WA_0342,-119.48039439026995,48.5848258440945,MCC,7.45,104.36,119.89,132.86,1210.39,25.23,2.49,65.18,2894.92,62582.68
NURE_WA_0343,-118.69844505228608,48.405171142393264,MCC,25.28,62.46,105.72,187.92,1636.91,127.93,4.39,258.87,4570.38,41567.64
NURE_WA_0344,-118.80448579680788,47.927245232271076,BACKGROUND,8.21,30.28,15.58,24.15,251.53,14.26,3.94,30.53,9036.08,55923.06
NURE_WA_0345,-118.15244970584335,48.905807978168255,BATHOLITH,7.39,138.36,43.44,55.13,887.22,7.1,2.97,91.81,4040.09,20041.9
NURE_WA_0346,-118.09471904739706,48.775881634571085,BATHOLITH,13.75,25.38,7.62,14.36,654.67,17.63,4.29,159.46,6605.97,35975.97
NURE_WA_0347,-119.86408797068387,48.55352293545348,MCC,7.35,169.8,33.13,46.0,658.95,13.33,2.0,122.13,2682.5,26335.05
NURE_WA_0348,-118.87616215612059,48.86093076655079,MCC,33.48,83.85,176.79,164.8,1146.62,20.57,0.67,45.49,1801.33,64456.15
NURE_WA_0349,-118.1224202528573,48.887670721535684,BATHOLITH,10.98,10.15,11.71,41.44,603.17,14.23,2.93,254.89,3413.59,31189.21
NURE_WA_0350,-118.49059122425973,48.63338076274405,BATHOLITH,47.22,9.12,45.53,17.99,704.49,10.72,2.09,152.66,21682.04,46977.67
NURE_WA_0351,-117.43053047643504,48.83922132538188,BACKGROUND,3.98,31.51,5.07,15.04,772.44,7.61,3.83,134.86,2568.17,27746.94
NURE_WA_0352,-118.02391910514316,48.61595433867085,BATHOLITH,7.28,71.53,17.49,20.16,796.13,16.58,2.2,135.34,5584.71,28988.07
NURE_WA_0353,-119.51119671875571,48.588225234816484,MCC,21.89,40.29,62.77,8.36,671.42,18.53,3.83,103.7,1916.52,39405.61
NURE_WA_0354,-119.78829375779871,48.4897782051443,MCC,13.55,61.63,43.09,65.8,622.33,24.62,1.86,42.06,6414.65,93914.97
NURE_WA_0355,-118.07274216538106,48.704346623292224,BATHOLITH,20.1,36.35,40.29,69.49,385.52,15.31,0.79,71.2,1340.82,38076.24
NURE_WA_0356,-119.92046606837513,47.753768168468916,BACKGROUND,4.7,58.31,17.25,36.68,552.79,5.13,3.61,82.91,1907.69,23528.47
NURE_WA_0357,-118.24267325617961,48.909393214718285,BATHOLITH,1.34,18.78,29.48,23.91,609.79,15.46,1.46,99.84,3027.99,12183.57
NURE_WA_0358,-117.17930927572513,48.89494964439237,BACKGROUND,11.86,172.46,38.92,71.58,539.44,40.56,6.7,39.35,4362.98,31485.67
NURE_WA_0359,-118.27357746637236,47.546795652855295,BATHOLITH,5.01,57.08,43.4,21.24,346.37,5.62,1.45,47.56,9927.23,28156.43
NURE_WA_0360,-118.83549022138044,48.82130680090362,MCC,17.48,26.63,17.61,30.89,1341.66,30.05,2.46,107.45,4817.58,33563.02
NURE_WA_0361,-118.07013534467293,47.706191787957515,BATHOLITH,7.05,22.56,29.04,13.27,2103.39,15.1,0.98,95.52,5146.55,75906.92
NURE_WA_0362,-118.62524132852545,48.03619016681463,MCC,3.58,214.37,16.94,32.54,1053.82,35.09,3.14,70.43,3315.3,29775.7
NURE_WA_0363,-118.3631496320522,48.689613210066575,BATHOLITH,7.26,78.18,54.05,27.45,661.63,6.42,2.2,134.24,5780.8,20443.97
NURE_WA_0364,-117.17560557367042,47.75721583367729,BACKGROUND,3.51,71.84,53.51,14.1,851.21,16.53,2.0,91.52,5837.72,35950.49
NURE_WA_0365,-118.84169208659767,48.8087472385905,MCC,12.63,402.51,135.23,28.36,3394.83,59.9,1.12,103.42,1322.67,20649.74
NURE_WA_0366,-117.11642830852826,48.83141468473239,BACKGROUND,9.72,22.06,72.84,8.67,378.48,8.16,2.47,219.79,2217.48,9574.12
NURE_WA_0367,-117.28394807413181,48.31194837401734,BACKGROUND,14.03,41.42,22.93,23.75,401.7,13.81,2.63,183.22,1305.04,24459.63
NURE_WA_0368,-119.4126265956321,47.51021739474693,BACKGROUND,6.76,23.57,2.93,16.38,1142.57,9.42,0.92,131.02,5442.17,21687.0
NURE_WA_0369,-119.7919160973745,47.95926101307986,BACKGROUND,4.23,57.26,19.88,45.53,1987.57,5.98,4.24,109.08,8332.06,44847.58
NURE_WA_0370,-119.69766599586772,48.48708306940119,MCC,15.15,220.19,41.47,26.44,2052.38,24.59,3.06,104.67,1060.38,21826.03
NURE_WA_0371,-119.94533452304535,49.069897884843876,MCC,10.53,14.4,177.36,59.51,1717.58,30.99,2.88,284.63,2566.97,75640.06
NURE_WA_0372,-119.71667111773222,48.51090164322667,MCC,10.93,1155.49,124.93,138.57,1765.8,39.55,2.35,247.32,3249.9,29570.34
NURE_WA_0373,-117.95097967975093,47.91568572970266,BATHOLITH,4.41,70.29,46.97,16.81,610.94,22.27,1.72,161.76,2849.16,20640.62
NURE_WA_0374,-119.7864340546193,48.51440912495938,MCC,13.22,82.82,57.58,117.09,702.08,18.35,1.42,132.89,4529.06,19636.08
NURE_WA_0375,-119.04307310911872,48.36397660754537,MCC,16.95,350.23,86.74,49.8,1907.28,120.23,2.62,176.02,4713.86,12282.69
NURE_WA_0376,-117.46537406709163,48.747752632241834,BACKGROUND,7.73,70.55,16.53,50.02,280.63,21.65,0.68,149.8,2120.62,34994.92
NURE_WA_0377,-119.93018419279252,47.67116902212313,BACKGROUND,17.51,16.69,70.4,11.96,852.37,36.94,2.76,44.89,2319.09,62494.89
NURE_WA_0378,-117.5565945522332,48.717644644003244,BACKGROUND,4.91,49.11,42.56,35.35,600.51,13.75,1.8,165.58,5245.11,26021.67
NURE_WA_0379,-119.1544356756798,48.36602652588178,MCC,53.64,50.76,65.31,171.57,1309.81,171.2,0.97,89.08,2681.39,27158.58
NURE_WA_0380,-119.64550551713504,49.04078720617439,MCC,2.68,33.98,42.01,23.03,610.4,9.73,2.06,192.72,1580.65,20387.84
NURE_WA_0381,-117.90978850390755,48.0469954656619,BATHOLITH,11.23,161.9,24.66,8.57,299.42,13.09,1.81,170.61,2662.95,38201.02
NURE_WA_0382,-118.11317145966035,48.512195029014315,BATHOLITH,3.98,45.65,39.16,42.41,447.41,7.92,3.73,62.53,4459.18,29601.81
NURE_WA_0383,-117.36758395941884,48.99124496881603,BACKGROUND,3.77,77.02,1.15,51.0,310.19,19.35,2.61,208.67,4305.91,18950.95
NURE_WA_0384,-117.79478686858835,47.66401556478509,BACKGROUND,1.49,10.21,18.0,19.05,548.1,15.97,1.28,92.6,1682.0,63913.71
NURE_WA_0385,-117.58955720884545,48.999565579578324,BACKGROUND,4.39,9.94,11.48,48.33,345.51,14.51,4.77,84.2,2916.73,27509.37
NURE_WA_0386,-119.15389628228608,48.600617155681306,MCC,32.17,92.72,17.29,14.77,443.41,11.33,5.46,164.16,3908.67,63482.33
NURE_WA_0387,-119.46768136866083,47.608539294568274,BACKGROUND,1.87,7.5,12.64,22.65,544.69,16.77,0.98,160.63,4407.08,45064.46
NURE_WA_0388,-117.74815574507743,47.98154170711491,BACKGROUND,1.17,59.57,8.42,14.22,691.94,16.23,1.34,103.26,1650.5,56794.75
NURE_WA_0389,-117.57949578219821,48.63307534183245,BACKGROUND,1.86,36.29,36.88,11.29,837.27,10.07,1.51,57.61,5637.61,29139.13
NURE_WA_0390,-117.02848457399799,47.607760962350035,BACKGROUND,3.52,17.22,23.28,7.35,859.76,14.67,1.94,148.04,6585.26,29679.62
NURE_WA_0391,-118.76214696926571,48.43147273628204,MCC,3.17,60.99,14.28,72.25,1223.19,35.51,0.51,76.89,2620.85,17682.41
NURE_WA_0392,-118.88394574262165,48.05341289112473,MCC,7.38,183.1,142.65,116.18,1587.23,155.75,4.03,97.26,2953.26,63026.75
NURE_WA_0393,-117.670761117774,48.49346482842797,BACKGROUND,1.75,113.5,19.9,9.67,171.69,13.3,2.13,248.13,6560.94,21723.34
NURE_WA_0394,-118.97758937924095,47.57318725410002,BACKGROUND,4.31,50.99,79.91,27.21,418.28,11.7,1.95,255.02,3485.78,29684.63
NURE_WA_0395,-117.2077280231893,48.894458889843804,BACKGROUND,3.79,114.75,115.68,28.81,538.66,15.75,0.57,155.55,4156.74,38058.6
NURE_WA_0396,-117.42476174447097,49.05758235068384,BACKGROUND,18.26,16.8,6.99,17.67,363.56,16.73,4.19,29.62,9273.59,23953.22
NURE_WA_0397,-118.71301791787495,49.050204568457104,MCC,18.65,41.77,43.45,114.61,824.94,10.89,1.89,95.12,4159.97,44951.26
NURE_WA_0398,-117.7473867966255,48.69944293078868,BACKGROUND,7.02,124.36,6.39,30.14,728.23,7.76,0.93,68.04,2673.8,45576.24
NURE_WA_0399,-117.73637137774595,47.70813798420901,BACKGROUND,3.39,46.7,7.12,14.39,694.77,13.66,1.5,123.65,9465.41,38763.22
NURE_WA_0400,-119.6906283934922,48.71322111348644,MCC,19.06,21.77,19.23,8.09,995.13,44.92,5.41,202.85,3458.21,24509.84
NURE_WA_0401,-117.2923412799613,47.53933906633408,BACKGROUND,30.81,67.92,15.02,59.82,300.0,19.34,1.95,146.63,3725.06,13424.04
NURE_WA_0402,-118.48424288265643,47.535397682446394,BATHOLITH,13.27,59.09,6.04,1.47,578.01,13.33,2.67,89.47,11815.18,34104.92
NURE_WA_0403,-117.52062760167678,48.01777635063927,BACKGROUND,7.49,32.17,24.45,7.19,512.05,11.84,1.15,307.76,2115.71,30128.38
NURE_WA_0404,-119.03985119690816,48.281829104647464,MCC,11.95,921.52,218.56,320.57,2633.85,121.53,1.43,71.98,844.89,57935.99
NURE_WA_0405,-117.3134303145114,48.73265186849247,BACKGROUND,3.57,37.2,12.08,27.23,960.04,5.87,2.69,88.26,4109.14,38711.0
NURE_WA_0406,-118.83239496379751,48.59327260257041,MCC,26.59,109.92,273.29,37.11,1468.92,74.12,2.24,47.75,4272.74,23850.88
NURE_WA_0407,-119.96748704555911,48.2134443302028,MCC,15.31,118.63,22.55,39.0,2101.99,23.94,2.11,61.22,2001.46,28632.72
NURE_WA_0408,-117.28385407074221,47.937802666050665,BACKGROUND,29.75,31.46,21.7,6.99,722.47,19.25,4.89,190.6,4688.88,23125.71
NURE_WA_0409,-119.7261399696416,49.09539920025234,MCC,6.42,58.93,11.79,35.67,1634.66,8.83,1.78,117.0,5967.97,22006.33
NURE_WA_0410,-119.04205908722875,48.18189008357756,MCC,61.3,302.56,18.53,41.72,4290.08,120.39,3.61,93.33,4040.44,27910.57
NURE_WA_0411,-117.14981409884759,48.22221923892748,BACKGROUND,2.73,23.5,52.47,19.08,1104.96,10.64,2.08,61.7,3874.5,13220.02
NURE_WA_0412,-117.14817855918733,47.76179811390667,BACKGROUND,17.93,31.67,12.35,36.22,563.3,23.34,2.19,27.37,7423.22,94581.54
NURE_WA_0413,-118.27968633563015,48.77169527799989,BATHOLITH,2.27,56.36,31.69,60.68,628.08,11.71,1.27,85.13,2207.77,30818.82
NURE_WA_0414,-118.1044883634906,48.609891561250386,BATHOLITH,2.44,195.9,22.41,6.89,468.66,16.03,0.81,123.67,2159.06,77508.96
NURE_WA_0415,-118.65466343406504,47.85323138046202,BACKGROUND,4.05,24.72,20.73,32.98,507.27,13.68,2.21,73.62,3190.01,9440.48
NURE_WA_0416,-119.1203676849058,47.63180967298535,BACKGROUND,12.72,58.94,11.88,96.2,539.93,8.69,3.45,128.31,4802.49,23701.03
NURE_WA_0417,-119.01400636389025,48.58879888331954,MCC,8.23,36.96,35.95,4.05,404.48,40.11,1.4,73.62,3009.98,15301.94
NURE_WA_0418,-117.98244463176889,48.54721794284982,BATHOLITH,8.36,92.14,38.78,17.55,526.92,27.22,1.93,74.84,3301.73,41382.62
NURE_WA_0419,-117.74287641168696,47.93721524319714,BACKGROUND,3.35,49.91,29.99,8.66,520.35,6.85,0.8,126.11,3118.87,33574.7
NURE_WA_0420,-117.62526286882246,49.02138169960066,THORITE_ANOMALY,6.136911669210953,44.96,3.42,16.63,311.89,18.63,5.074513119756956,77.45,6594.9,20626.37
NURE_WA_0421,-117.63114557161634,47.74169262684944,BACKGROUND,2.5,14.27,24.74,15.18,728.18,14.77,2.4,41.83,10995.63,27399.68
NURE_WA_0422,-119.72638169085393,48.19173568166816,MCC,10.24,80.31,34.37,95.36,687.03,55.15,0.64,119.75,6179.24,14803.57
NURE_WA_0423,-118.51673908589225,49.00978547226816,MCC,15.69,462.15,29.5,548.61,363.13,34.17,0.84,287.2,3337.49,27286.83
NURE_WA_0424,-119.82732371995007,48.171563707081795,MCC,11.93,59.36,16.83,48.24,1344.06,48.06,6.19,30.83,3716.51,58115.93
NURE_WA_0425,-118.35141335302879,48.52164151626254,BATHOLITH,0.93,17.97,34.07,25.25,747.03,10.01,2.48,60.9,4457.04,30911.01
NURE_WA_0426,-118.67540849587986,48.13615103674047,MCC,22.75,12.21,22.1,10.78,1563.21,23.63,1.5,88.12,10831.15,17758.84
NURE_WA_0427,-117.3368874517251,47.938744323757874,BACKGROUND,7.21,59.68,39.4,34.66,1373.43,5.95,1.1,148.55,2090.18,13381.98
NURE_WA_0428,-118.94725496234376,49.074364236735725,MCC,40.24,126.05,21.62,340.8,446.02,13.93,1.57,117.75,2973.09,42146.51
NURE_WA_0429,-119.64879895071718,48.15493441010407,MCC,3.18,18.25,6.3,22.82,772.48,19.29,4.27,203.31,3204.9,11098.98
NURE_WA_0430,-119.57102495384149,48.93055872588662,MCC,5.16,39.99,19.03,17.28,624.42,16.32,2.41,125.66,2328.84,60729.4
NURE_WA_0431,-117.71546810484759,47.867927369425736,BACKGROUND,1.47,63.11,11.46,25.87,135.68,33.41,3.11,44.78,1699.5,75860.71
NURE_WA_0432,-118.14534581005121,47.84096752644013,BATHOLITH,8.32,18.65,67.86,16.37,237.96,6.92,3.95,83.31,7466.31,71764.25
NURE_WA_0433,-119.69663197163163,47.549814532615216,BACKGROUND,3.63,5.74,29.36,112.95,504.5,5.12,1.47,92.93,2099.05,7241.73
NURE_WA_0434,-119.747679581655,48.54266692060142,MCC,12.62,57.87,239.56,52.12,1615.44,34.97,2.26,41.16,2167.45,54885.91
NURE_WA_0435,-117.89709260562265,48.08964214995802,BATHOLITH,5.77,97.84,48.96,103.87,563.19,8.56,2.01,144.12,6702.23,12256.42
NURE_WA_0436,-119.78171098090742,48.88297319974342,MCC,10.12,108.3,172.82,139.18,1334.1,53.41,1.59,511.44,4502.75,18842.26
NURE_WA_0437,-117.53441982212892,48.25713585070649,BACKGROUND,17.51,204.28,128.71,35.69,423.77,13.79,1.82,82.26,7674.45,30024.25
NURE_WA_0438,-117.88127331853052,49.04910948466355,BATHOLITH,4.52,159.79,7.44,5.7,554.98,15.65,1.44,161.21,5179.57,48301.13
NURE_WA_0439,-119.7559536580743,47.796840825124995,BACKGROUND,9.34,31.71,125.1,10.07,1653.42,15.74,1.0,219.72,4137.74,48113.61
NURE_WA_0440,-119.74548685774442,48.88979706872898,MCC,44.75,173.89,39.46,127.38,1469.74,64.47,0.65,131.84,2708.06,75067.48
NURE_WA_0441,-117.04008126449648,48.74255496446679,BACKGROUND,6.91,68.9,9.85,76.48,1552.2,19.19,5.18,75.05,2480.17,30701.12
NURE_WA_0442,-118.87718761273163,48.73347495143049,MCC,10.47,105.21,60.42,8.74,745.49,9.5,1.83,146.75,2185.35,40926.0
NURE_WA_0443,-118.88807355879933,48.85165316498702,MCC,35.7,64.4,23.44,14.6,909.08,13.06,1.58,189.32,3475.34,15621.63
NURE_WA_0444,-117.56160129822749,48.7176383855088,BACKGROUND,6.35,234.35,43.71,25.54,849.85,14.33,2.06,258.18,1557.97,51333.53
NURE_WA_0445,-117.15825426784842,48.50195251461027,BACKGROUND,4.34,50.65,55.22,5.65,172.99,11.15,0.87,81.3,5098.66,18314.15
NURE_WA_0446,-117.0419968085314,47.70999180429182,BACKGROUND,3.39,19.6,12.48,22.5,713.08,23.12,3.39,176.13,3305.84,93700.05
NURE_WA_0447,-117.73986544422317,47.552041887186,BACKGROUND,6.2,32.5,22.66,70.94,244.05,9.58,4.6,181.16,3154.95,48201.14
NURE_WA_0448,-118.87122124340725,48.9733565565051,MCC,39.12,158.44,297.13,607.8,3644.16,60.81,7.76,143.79,2332.33,29365.72
NURE_WA_0449,-119.74949784990399,48.48664050323318,MCC,42.16,67.49,34.11,55.84,2592.91,83.51,2.32,64.78,10109.67,16562.41
NURE_WA_0450,-117.66855925221769,48.774459665561885,BACKGROUND,10.46,133.45,15.63,17.58,530.44,11.85,2.43,247.0,1879.91,20846.23
NURE_WA_0451,-118.32478725079258,48.27043576242008,BATHOLITH,9.97,62.86,59.52,21.4,470.11,9.52,2.23,154.95,2046.93,31503.89
NURE_WA_0452,-118.72733397225907,47.68769310233983,BACKGROUND,3.11,28.17,27.42,7.71,624.67,9.39,3.86,376.19,2394.16,40359.67
NURE_WA_0453,-117.2809368447158,47.70029726752408,BACKGROUND,3.09,109.34,7.89,29.54,317.06,13.76,1.21,162.35,2425.94,40759.02
NURE_WA_0454,-119.66640755308154,48.59690445956635,MCC,8.54,135.84,16.31,33.63,674.36,52.58,4.34,46.26,6102.83,19012.13
NURE_WA_0455,-118.52212468712742,48.18848943183914,MCC,5.81,208.56,9.81,39.67,268.69,7.76,2.18,104.15,802.34,57089.31
NURE_WA_0456,-119.96593906569774,47.820839562720536,BACKGROUND,5.01,138.81,142.37,14.63,232.43,31.57,3.46,78.46,2742.58,20162.06
NURE_WA_0457,-118.59401807401763,48.2865512747863,MCC,13.49,189.99,44.88,43.63,2332.72,21.56,1.74,40.63,4097.8,10238.76
NURE_WA_0458,-119.83109017295449,47.60273429932021,BACKGROUND,1.89,10.51,16.72,82.29,763.22,5.32,1.02,82.63,13350.2,17831.09
NURE_WA_0459,-119.64354625119579,48.43115424306304,MCC,3.83,240.72,39.08,69.86,504.79,21.42,4.45,94.96,7192.82,37201.55
NURE_WA_0460,-119.64742125966869,47.930389447096154,BACKGROUND,5.58,104.05,39.51,19.15,180.23,5.7,0.89,77.53,3130.58,13243.02
NURE_WA_0461,-118.0523690936518,48.776094561019505,BATHOLITH,13.25,16.05,7.23,21.31,882.92,48.23,2.96,247.1,1970.39,99405.68
NURE_WA_0462,-117.76186536220374,47.99657913427772,BACKGROUND,3.72,73.3,5.95,9.15,281.75,13.0,4.72,103.86,2984.88,6063.03
NURE_WA_0463,-118.24989370470853,48.22835223853088,BATHOLITH,6.85,286.03,45.42,15.07,233.33,19.2,3.4,72.49,4534.94,24532.52
NURE_WA_0464,-117.11348235457638,47.51859286385296,BACKGROUND,0.71,38.21,50.71,11.7,529.7,10.15,2.62,91.26,2292.2,62835.67
NURE_WA_0465,-118.87538826142888,47.61591502047129,BACKGROUND,12.26,79.55,15.6,26.97,677.14,19.19,1.71,136.17,8416.43,15211.57
NURE_WA_0466,-119.14286374115441,48.12798969025069,MCC,4.03,67.46,13.47,6.33,1353.38,6.44,1.72,156.74,4473.73,24212.55
NURE_WA_0467,-117.39420261543162,48.267902135547395,THORITE_ANOMALY,19.802894405531525,20.18,28.24,22.26,559.44,10.82,37.37094599220662,125.51,3306.16,34748.87
NURE_WA_0468,-119.32921248444164,48.46003287699089,MCC,16.85,60.04,52.01,68.3,2740.41,44.83,1.1,106.19,4109.28,33269.97
NURE_WA_0469,-117.11033238167816,47.96666012593489,BACKGROUND,13.21,28.03,13.55,8.33,758.0,34.47,1.8,90.01,8703.15,39723.55
NURE_WA_0470,-119.96353657593055,48.61197101780247,MCC,14.52,43.81,19.0,19.37,756.89,17.01,1.47,167.71,3657.97,35576.1
NURE_WA_0471,-117.09036351987709,48.87619583550273,BACKGROUND,3.39,58.3,25.13,37.84,1058.85,10.52,3.46,56.54,12185.81,19406.15
NURE_WA_0472,-119.87052026414827,48.74776158222936,MCC,25.87,152.56,286.57,23.3,1599.43,26.61,4.25,102.46,3111.96,61919.79
NURE_WA_0473,-117.32657065890578,47.56339012055737,BACKGROUND,1.74,29.89,37.88,63.09,547.2,32.06,1.01,80.48,3288.12,28165.03
NURE_WA_0474,-118.4168966727411,48.26881111561253,BATHOLITH,6.66,36.1,53.86,13.82,1401.81,18.22,1.56,176.53,5453.7,11993.24
NURE_WA_0475,-117.0211056116421,47.66788828546908,BACKGROUND,5.14,12.3,128.98,39.26,510.71,12.76,1.54,34.63,1476.15,86125.19
NURE_WA_0476,-119.7786103057938,47.88727202538004,BACKGROUND,11.95,117.24,14.77,34.97,1112.21,41.58,1.87,28.72,2447.7,23687.26
NURE_WA_0477,-118.33843714679604,49.07866014922744,BATHOLITH,9.29,80.08,117.01,57.21,467.78,28.38,2.61,106.65,6379.09,31239.1
NURE_WA_0478,-117.0920923931427,47.727992868642424,BACKGROUND,1.71,29.93,20.37,28.55,1039.28,15.23,0.97,164.18,5864.81,10224.84
NURE_WA_0479,-118.43070646748956,48.29822104552217,BATHOLITH,8.08,29.35,136.56,44.51,308.18,10.66,1.6,37.23,4458.31,18434.39
NURE_WA_0480,-118.11180408559422,48.48904917490899,BATHOLITH,2.63,134.99,56.95,11.0,628.05,16.16,4.88,58.05,3546.23,21038.17
NURE_WA_0481,-117.91275393304615,48.62394395287057,BATHOLITH,8.82,26.71,16.71,44.25,1092.08,20.29,1.99,90.42,5229.3,34052.57
NURE_WA_0482,-118.63637680569668,48.395437893579064,MCC,15.77,38.85,12.04,8.54,789.81,15.2,0.59,84.35,2939.7,27618.44
NURE_WA_0483,-118.11732575974781,47.51563335587069,BATHOLITH,31.09,84.73,17.89,18.78,1127.35,26.23,0.99,59.95,2501.25,23518.48
NURE_WA_0484,-118.2470570642307,48.022338093190385,BATHOLITH,8.89,129.51,73.27,15.08,207.83,8.67,1.61,51.59,7264.19,15604.12
NURE_WA_0485,-117.29652596852704,48.32833862941554,BACKGROUND,1.39,79.44,20.15,69.75,274.71,11.29,1.75,94.56,3185.1,25039.59
NURE_WA_0486,-119.86366085897562,47.64058639863173,BACKGROUND,4.25,47.42,17.41,22.05,137.42,5.6,3.02,182.89,2329.04,26213.87
NURE_WA_0487,-119.15711043122332,48.06100308993469,MCC,27.29,309.0,15.79,35.74,1615.12,86.05,8.57,90.68,1768.53,37512.29
NURE_WA_0488,-117.14876554777032,47.553124974066186,BACKGROUND,6.19,21.61,50.24,34.4,291.26,19.07,3.73,198.17,3719.12,24607.37
NURE_WA_0489,-117.32920864832725,47.62572559544803,BACKGROUND,2.25,79.58,43.98,22.92,254.6,41.57,1.7,143.79,3965.72,33693.75
NURE_WA_0490,-118.63302974164286,48.13507724192255,MCC,2.04,150.49,82.32,41.27,337.27,13.03,2.32,69.65,9862.73,32512.89
NURE_WA_0491,-118.13960220659538,47.712345206468896,BATHOLITH,8.63,39.55,24.44,14.57,804.89,28.72,2.51,85.25,3771.27,30340.21
NURE_WA_0492,-119.16785645105661,48.4080653572185,MCC,22.8,167.81,203.1,140.16,875.67,60.55,1.27,151.36,2897.55,17016.76
NURE_WA_0493,-119.43563652082872,48.603143950619625,MCC,2.16,37.82,69.0,74.96,1481.97,22.73,1.36,127.83,5327.81,29743.48
NURE_WA_0494,-118.60890478518006,48.78093871857453,MCC,16.22,50.82,36.9,12.68,998.15,58.91,3.13,223.9,3262.13,63309.51
NURE_WA_0495,-118.93994331592184,47.820240390791696,BACKGROUND,19.26,45.13,40.77,67.61,462.17,17.42,4.38,95.58,1855.0,98487.64
NURE_WA_0496,-118.24903166444739,47.76797213161451,BATHOLITH,3.83,52.46,59.24,11.93,294.22,17.77,0.79,87.72,4420.32,25839.75
NURE_WA_0497,-119.76679608910504,47.66730854453504,BACKGROUND,21.33,50.1,74.49,15.94,315.83,17.92,1.9,53.55,8717.65,21254.08
NURE_WA_0498,-117.0768155770015,48.51828839926982,BACKGROUND,1.22,138.88,14.87,11.94,193.3,40.53,1.05,106.29,6400.62,37919.04
NURE_WA_0499,-117.0413677665612,48.630361162379046,BACKGROUND,8.21,45.66,50.7,4.81,576.25,9.96,3.57,150.62,5762.9,74738.2
NURE_WA_0500,-117.90551485794076,47.55053783172103,BATHOLITH,12.69,54.35,66.38,141.88,231.69,13.62,0.57,114.5,4725.39,29367.53
NURE_WA_0501,-118.39171090096764,48.997939593989905,BATHOLITH,1.28,78.26,94.84,12.1,656.69,6.47,2.76,82.73,2528.34,19687.31
NURE_WA_0502,-119.07141715114102,47.58315405384236,BACKGROUND,7.78,15.42,16.26,19.13,279.71,41.8,1.34,70.99,2243.08,81360.21
NURE_WA_0503,-117.55861494087915,48.366074136481714,BACKGROUND,8.96,21.07,56.84,23.4,593.38,12.75,1.41,124.09,2852.16,82188.91
NURE_WA_0504,-117.94580648233836,48.63449683112147,BATHOLITH,7.74,20.91,33.36,17.91,584.89,14.72,1.84,134.63,3080.69,12436.77
NURE_WA_0505,-119.51214918196533,48.89355059799374,MCC,14.19,68.14,11.54,46.55,1050.74,25.17,2.46,213.36,7866.85,32502.76
NURE_WA_0506,-117.26721844651847,48.642539091411884,BACKGROUND,6.45,59.45,18.1,22.9,214.99,16.15,2.79,78.42,3659.75,16204.05
NURE_WA_0507,-117.53238827123049,48.78276493291167,BACKGROUND,5.73,51.79,14.73,9.16,194.37,10.5,2.79,69.68,3382.0,38870.98
NURE_WA_0508,-117.15060026012422,48.04312030806849,BACKGROUND,16.87,100.2,8.92,52.16,492.0,24.05,1.96,198.6,2028.53,26048.37
NURE_WA_0509,-117.82284147483492,48.80372018199442,BATHOLITH,6.67,78.61,127.26,15.55,932.55,34.09,4.75,120.5,1299.09,38750.32
NURE_WA_0510,-118.15975441219263,47.62818375421548,BATHOLITH,6.83,253.55,59.76,31.78,939.74,18.57,0.54,78.02,7494.58,19178.42
NURE_WA_0511,-118.74527089112814,48.93170664969684,MCC,17.07,1461.46,660.67,68.3,4019.96,76.21,3.01,136.51,6052.29,36077.12
NURE_WA_0512,-117.20181454993796,48.37614780184598,BACKGROUND,2.4,11.06,16.31,5.37,224.89,8.86,1.29,60.61,5143.3,22667.16
NURE_WA_0513,-117.40180833149877,48.80767643193999,THORITE_ANOMALY,18.576548449278746,64.8,28.75,16.8,223.19,27.95,8.585686990026298,107.55,9372.97,49661.34
NURE_WA_0514,-119.86434398968143,48.22370925522928,MCC,18.5,132.78,204.52,7.62,1459.65,113.78,2.51,256.98,2722.17,29483.62
NURE_WA_0515,-119.92089907650825,48.52972431231444,MCC,2.03,39.58,20.68,89.41,1900.65,42.08,3.39,93.95,7514.4,30158.87
NURE_WA_0516,-118.87060989936585,48.34224425749778,MCC,7.92,141.85,27.82,77.92,479.38,14.65,3.14,97.97,3000.1,49163.64
NURE_WA_0517,-117.5683400076545,48.670543234808534,BACKGROUND,4.79,147.34,81.5,73.31,439.99,30.54,1.27,62.23,1048.1,75886.05
NURE_WA_0518,-117.03817161205517,47.63060797124894,BACKGROUND,7.02,30.7,13.5,12.16,233.57,11.98,0.78,198.8,9862.64,8262.88
NURE_WA_0519,-119.54874932668942,47.5965633343849,BACKGROUND,1.1,13.39,22.58,12.59,1552.77,42.67,1.32,140.15,5846.38,21548.28
NURE_WA_0520,-118.21760785394359,47.895365174416234,BATHOLITH,2.65,73.94,31.84,13.77,657.51,10.18,1.13,109.32,4779.62,15629.2
NURE_WA_0521,-118.85732743010693,47.7552714881811,BACKGROUND,1.3,28.4,18.25,11.66,376.1,43.56,1.34,398.39,4917.14,31584.03
NURE_WA_0522,-117.09025680655618,48.89485370654752,BACKGROUND,8.41,377.71,9.89,7.79,338.53,15.71,0.82,104.18,9869.3,32640.8
NURE_WA_0523,-117.47364323059287,47.85074237977287,BACKGROUND,4.43,103.43,8.0,43.63,465.87,16.22,4.19,151.93,4687.96,9988.69
NURE_WA_0524,-117.48501388586659,49.06138440931061,BACKGROUND,5.45,29.65,7.53,27.83,744.6,7.3,1.67,48.75,2344.19,40737.61
NURE_WA_0525,-118.59392052061509,48.03903326683377,MCC,5.22,12.54,18.45,32.36,982.89,67.05,5.05,42.36,1339.5,30430.72
NURE_WA_0526,-118.755541492987,47.79138866510192,BACKGROUND,2.1,46.58,27.42,9.85,363.99,10.12,1.71,138.93,2122.56,21038.15
NURE_WA_0527,-119.17977878420788,48.763517611427964,MCC,10.56,119.0,74.13,282.26,1839.65,55.92,1.85,59.76,2878.97,20241.14
NURE_WA_0528,-119.83087351004721,48.553932440801404,MCC,6.82,358.93,97.86,173.85,1642.18,44.65,1.71,81.04,6034.34,46686.0
NURE_WA_0529,-117.40583287123484,48.297113146325025,BACKGROUND,3.74,2.83,16.09,23.99,764.64,18.26,1.63,266.21,2175.19,25772.59
NURE_WA_0530,-117.56129697260977,48.38858168150021,THORITE_ANOMALY,12.872855344244664,18.79,11.8,40.28,590.17,15.35,11.756880081217306,134.32,8606.12,23257.04
NURE_WA_0531,-117.0008469801416,48.65072284523562,BACKGROUND,14.2,35.4,66.34,6.79,749.25,38.46,3.75,36.54,2708.48,26244.08
NURE_WA_0532,-117.01008948877828,47.86552758613008,BACKGROUND,4.16,82.49,7.46,52.49,228.34,10.65,1.23,38.9,4066.37,81704.22
NURE_WA_0533,-118.33370488319211,49.09413426569079,BATHOLITH,6.59,32.61,49.87,22.51,542.85,11.11,1.69,142.64,4383.75,32139.08
NURE_WA_0534,-117.69303775445847,49.05966905943485,BACKGROUND,28.54,30.83,22.06,16.94,1520.96,13.14,1.73,109.88,2626.78,31928.19
NURE_WA_0535,-117.16570281035271,48.5405210981551,BACKGROUND,40.75,60.04,52.12,72.58,174.34,7.44,4.43,88.25,2658.75,14971.63
NURE_WA_0536,-117.45105782796776,47.819267921486635,BACKGROUND,3.56,30.32,21.5,45.34,373.37,28.62,3.61,56.81,7191.91,25645.2
NURE_WA_0537,-119.2579556947704,48.58836518789007,MCC,14.28,175.03,120.61,145.58,734.23,87.74,1.88,152.33,5936.7,73201.47
NURE_WA_0538,-118.64836759406973,47.61551745436668,BACKGROUND,17.36,152.89,28.84,20.34,834.79,23.16,1.81,128.8,3784.35,18691.87
NURE_WA_0539,-119.61252175454551,47.54904400352929,BACKGROUND,16.56,48.12,124.56,5.12,377.83,15.72,4.03,128.41,4583.65,16063.08
NURE_WA_0540,-117.13784691822383,47.912292621617944,BACKGROUND,2.16,60.12,7.27,12.72,679.23,8.95,5.22,202.84,1614.4,17896.3
NURE_WA_0541,-118.18147609664736,48.240196730782905,BATHOLITH,22.02,60.27,32.36,28.45,625.68,19.88,0.87,140.08,1338.75,45986.12
NURE_WA_0542,-119.3140715834896,48.88923600865341,MCC,8.05,268.53,242.51,60.55,3322.4,14.64,3.94,104.62,3344.66,51793.75
NURE_WA_0543,-117.98489794678243,48.663470511626095,BATHOLITH,14.48,299.6,10.6,34.47,478.18,9.97,0.74,144.46,6269.49,63166.55
NURE_WA_0544,-118.14561527862631,48.68833043391997,BATHOLITH,3.22,145.59,78.27,15.95,522.67,9.19,4.87,44.5,5191.3,21556.04
NURE_WA_0545,-118.92551184590148,48.18078933511692,MCC,2.58,83.3,17.12,45.0,2975.8,37.38,6.49,59.68,1896.55,16981.29
NURE_WA_0546,-119.6593272234011,48.05349598807514,MCC,56.1,11.84,38.96,11.36,467.05,7.9,3.49,100.42,7052.22,33075.12
NURE_WA_0547,-117.9852804132216,48.09366202077536,BATHOLITH,20.92,12.76,7.08,9.23,311.68,33.47,1.95,205.5,2816.28,35792.73
NURE_WA_0548,-118.43907689728861,49.08023930197769,BATHOLITH,13.82,42.72,22.61,15.45,205.8,14.73,1.73,141.94,4059.11,62969.27
NURE_WA_0549,-117.68304482479309,47.56417470625997,BACKGROUND,3.54,48.22,41.35,4.52,346.05,10.5,2.69,137.85,4081.51,7592.56
NURE_WA_0550,-118.43950949666402,48.88725039379592,BATHOLITH,6.59,12.85,33.17,29.42,713.48,3.55,4.57,68.35,5646.56,45265.3
NURE_WA_0551,-117.44345549904438,48.42588065371583,BACKGROUND,9.8,33.34,4.03,52.34,334.76,9.61,1.71,119.67,3738.1,40671.03
NURE_WA_0552,-118.34427948367654,48.20178467070335,BATHOLITH,3.1,75.31,19.7,21.95,1472.97,12.44,3.14,198.67,1351.91,21064.68
NURE_WA_0553,-118.31718608539384,48.660412256664216,BATHOLITH,3.16,64.91,12.03,13.66,375.62,21.97,2.4,108.7,15498.97,78750.97
NURE_WA_0554,-117.37003919202496,48.27867030627952,BACKGROUND,3.91,346.53,14.02,112.59,406.17,13.56,3.46,97.88,5076.44,71875.49
NURE_WA_0555,-118.78955140136281,48.89747718093066,MCC,20.36,173.09,21.45,8.87,1073.89,34.52,4.9,50.87,7320.13,111538.28
NURE_WA_0556,-119.59795431464808,48.941122982418015,MCC,3.96,67.18,46.95,64.93,760.21,74.99,1.16,39.23,7127.93,8501.98
NURE_WA_0557,-119.91365197105998,48.17475348299753,MCC,225.7,135.44,26.49,56.18,1488.81,50.22,3.09,57.83,9836.52,34381.71
NURE_WA_0558,-117.73458823297915,47.942924475576085,BACKGROUND,3.35,134.13,18.27,24.95,306.67,8.88,3.14,80.46,2403.39,21009.03
NURE_WA_0559,-118.13907134593961,48.44776052574938,BATHOLITH,10.63,213.17,33.03,18.58,306.37,13.64,4.15,182.92,6600.13,50428.53
NURE_WA_0560,-117.88776069570233,48.95978135298671,BATHOLITH,10.58,75.44,21.41,21.23,579.83,21.93,2.27,330.66,1972.85,45602.95
NURE_WA_0561,-119.36110751547326,47.83705950240907,BACKGROUND,5.67,23.37,52.87,34.1,816.85,16.95,1.79,99.17,4907.17,9869.88
NURE_WA_0562,-119.59088557323969,48.496746533701575,MCC,51.12,1513.82,147.48,68.47,2055.8,99.84,1.86,166.57,3503.53,77644.66
NURE_WA_0563,-119.95636600299635,48.51049635214803,MCC,20.38,203.8,105.36,93.22,1443.22,40.07,4.29,188.3,6994.06,28879.57
NURE_WA_0564,-118.94823732358022,48.67298083586445,MCC,7.81,132.59,10.02,23.0,663.71,20.93,1.03,152.03,6825.82,19868.31
NURE_WA_0565,-118.2302469394361,47.710508296203614,BATHOLITH,3.95,91.98,18.24,17.71,283.71,46.25,2.23,194.67,5072.35,29323.31
NURE_WA_0566,-118.8232678647008,48.645319943491344,MCC,5.81,59.38,18.38,14.69,3075.68,33.87,4.83,66.25,1927.66,17451.31
NURE_WA_0567,-118.68757523392881,48.954452033065024,MCC,7.05,48.97,14.36,25.73,685.06,27.53,4.84,84.1,7571.07,31129.91
NURE_WA_0568,-117.28752391651875,47.78749297419239,BACKGROUND,24.97,304.85,37.89,21.34,442.61,11.93,4.2,101.92,9762.58,30598.08
NURE_WA_0569,-118.95523359893009,47.8800693198782,BACKGROUND,11.49,21.55,15.54,8.48,326.13,7.56,1.3,226.07,2322.61,32192.35
NURE_WA_0570,-118.45803153252056,49.054232150466625,BATHOLITH,6.21,204.63,112.47,40.65,609.69,13.58,1.11,302.31,2532.19,43362.99
NURE_WA_0571,-117.64904096177656,47.78956312433518,BACKGROUND,3.56,109.07,42.75,83.45,396.6,7.57,1.62,115.53,3985.31,24129.6
NURE_WA_0572,-118.81037165303619,48.867016149391326,MCC,2.37,257.19,52.41,55.48,1739.92,50.62,1.77,138.18,4970.53,33785.38
NURE_WA_0573,-118.13373989931638,48.28764457031686,BATHOLITH,12.07,422.99,31.66,54.06,364.89,9.47,13.19,138.82,5285.82,41748.66
NURE_WA_0574,-117.41290887375976,47.895569719045085,BACKGROUND,7.94,90.68,9.37,44.92,451.2,22.4,0.83,145.94,1113.13,25754.44
NURE_WA_0575,-117.15143812902707,48.89319984203602,BACKGROUND,1.37,88.14,10.59,19.47,448.42,12.17,2.13,54.86,6827.98,11097.61
NURE_WA_0576,-119.55877955721289,48.21248840800426,MCC,13.29,21.05,22.48,9.21,843.65,11.7,2.18,196.0,5954.64,28682.75
NURE_WA_0577,-117.22023712451552,48.323707766287505,BACKGROUND,6.46,25.75,26.75,4.75,804.99,15.72,7.3,212.3,5281.94,28018.08
NURE_WA_0578,-118.52365112076139,48.07477339103963,MCC,16.7,47.51,98.03,24.78,617.28,31.07,1.19,181.32,2148.51,16765.73
NURE_WA_0579,-119.22526683510313,48.448721362295885,MCC,20.46,52.85,14.15,22.98,971.19,15.41,1.13,331.79,2394.42,25090.13
NURE_WA_0580,-118.62259273128521,47.76163819613603,BACKGROUND,3.98,77.1,49.83,15.35,259.19,31.29,2.03,268.6,1110.85,33446.91
NURE_WA_0581,-117.05990227414357,48.12573045864282,BACKGROUND,27.94,34.25,18.75,25.32,377.41,12.98,1.78,72.66,7627.44,38755.76
NURE_WA_0582,-118.52214571802139,49.051059715736464,MCC,13.28,15.9,47.04,33.45,1557.53,19.62,1.7,17.29,5256.57,28576.56
NURE_WA_0583,-119.01374516913748,47.9130134923218,BACKGROUND,1.63,64.02,89.58,16.97,737.8,9.52,2.05,44.02,5973.65,32793.8
NURE_WA_0584,-118.09979743704983,48.550778663266065,BATHOLITH,2.29,26.29,26.55,42.73,1168.65,14.33,1.01,117.45,10382.02,12204.08
NURE_WA_0585,-119.27956314366543,48.02030410275951,MCC,47.1,261.49,71.96,119.05,4429.07,73.17,1.93,142.65,3321.22,56551.4
NURE_WA_0586,-119.77241001567401,48.737557001098565,MCC,10.13,61.16,116.16,25.58,941.29,18.67,1.73,101.03,2896.35,64881.57
NURE_WA_0587,-119.61336083426805,47.70939785714936,BACKGROUND,28.18,47.78,60.63,25.6,577.52,11.91,0.61,146.52,7317.87,12879.42
NURE_WA_0588,-119.61586248312668,49.05171367212567,MCC,7.91,147.88,23.64,75.33,670.73,16.25,4.29,61.31,2581.49,18265.5
NURE_WA_0589,-119.54429191946312,48.22606326621382,MCC,11.04,51.5,58.37,8.02,474.18,27.28,4.84,126.93,2782.95,13139.74
NURE_WA_0590,-119.58351848205177,47.87768074135434,BACKGROUND,5.46,6.46,8.24,10.71,446.06,14.98,1.53,136.22,4135.0,24444.39
NURE_WA_0591,-118.07737576559036,47.61759479572802,BATHOLITH,13.36,101.37,9.32,19.28,842.9,27.74,2.63,90.41,4874.23,46970.82
NURE_WA_0592,-119.45435974680257,47.771612648140064,BACKGROUND,6.84,37.33,7.44,17.12,353.44,10.62,4.75,174.41,1508.73,16445.08
NURE_WA_0593,-118.96299815002841,48.33163831768963,MCC,9.35,60.29,65.9,15.72,1957.6,33.68,1.77,102.09,3061.24,9733.64
NURE_WA_0594,-117.30963477028196,48.03920508229006,BACKGROUND,4.33,20.76,56.42,34.57,1989.35,24.52,1.5,62.27,2933.62,20737.66
NURE_WA_0595,-118.57811507921139,48.826213385412174,MCC,254.63,433.41,264.34,139.22,985.66,89.7,3.89,64.11,6590.45,44352.51
NURE_WA_0596,-117.99732678443692,48.18942003785889,BATHOLITH,4.83,22.28,20.24,65.42,186.66,4.9,2.25,80.51,3875.29,50693.28
NURE_WA_0597,-119.48304038639512,47.89794283614021,BACKGROUND,1.19,252.13,9.86,8.2,948.82,12.47,2.07,134.49,7037.1,24945.6
NURE_WA_0598,-119.42313294357399,48.48743197856645,MCC,29.56,11.45,62.79,14.51,1623.36,24.62,1.48,148.61,6332.02,42843.09
NURE_WA_0599,-119.87739415120056,48.63084354701672,MCC,3.78,45.81,21.86,36.96,168.33,18.58,1.83,64.64,2556.44,26646.07
NURE_WA_0600,-119.4931948107835,47.76726705264152,BACKGROUND,3.16,22.17,35.26,10.12,456.64,36.3,3.72,169.71,2924.58,40557.64
NURE_WA_0601,-119.16422898290412,47.76819074606131,BACKGROUND,4.66,39.04,31.82,12.04,1177.42,14.12,3.02,230.65,6837.35,13740.42
NURE_WA_0602,-119.46896854716977,47.558674283093666,BACKGROUND,8.19,93.32,47.55,7.84,357.4,26.79,1.41,87.14,9245.89,29227.22
NURE_WA_0603,-119.73389239872883,48.678243224105024,MCC,6.1,43.7,58.93,12.88,885.57,36.66,4.41,149.0,2597.05,57688.31
NURE_WA_0604,-119.6380923866982,48.56208724419489,MCC,4.81,94.74,178.24,54.04,1232.41,91.02,0.97,50.44,1575.11,36901.2
NURE_WA_0605,-118.61766369590183,48.259409401199704,MCC,60.4,166.38,47.77,58.61,1623.31,18.05,9.64,137.28,4335.29,42212.74
NURE_WA_0606,-119.38099884478262,48.850672718350715,MCC,12.71,68.65,94.16,68.96,829.54,85.65,2.52,154.23,8349.26,30378.75
NURE_WA_0607,-118.90719041685577,48.78907224472009,MCC,16.39,37.11,34.95,32.45,447.04,82.38,0.98,50.1,7997.19,44572.68
NURE_WA_0608,-118.48974818743542,48.4365669830348,BATHOLITH,13.84,230.14,32.55,172.31,197.78,22.68,4.09,168.68,3445.32,25547.82
NURE_WA_0609,-117.9288155141119,48.889234048821216,BATHOLITH,15.65,106.49,75.47,8.48,453.45,9.16,1.73,180.68,4096.83,127375.97
NURE_WA_0610,-119.8820635804767,47.82934593605883,BACKGROUND,5.95,50.21,13.31,18.87,961.56,16.44,1.38,61.61,3006.25,31267.02
NURE_WA_0611,-117.60176880327288,47.679071391036366,BACKGROUND,15.28,15.06,17.34,22.33,186.12,9.72,1.47,66.18,4291.95,27455.69
NURE_WA_0612,-118.11629883152727,47.93159937842719,BATHOLITH,3.95,8.84,87.05,3.83,878.17,23.02,2.56,77.0,5099.5,53678.05
NURE_WA_0613,-119.75472290415338,47.59133896974291,BACKGROUND,12.75,99.77,28.88,12.65,864.29,20.46,1.22,83.94,6077.0,31981.01
NURE_WA_0614,-117.37926412767966,48.349871244801655,BACKGROUND,13.97,34.58,9.84,122.97,202.57,11.7,2.5,177.78,5522.33,108118.62
NURE_WA_0615,-117.23738279840455,48.99856910767194,BACKGROUND,3.29,35.02,119.86,15.33,628.25,20.84,1.23,64.05,1977.0,18362.74
NURE_WA_0616,-119.8167661204354,47.56294966506962,BACKGROUND,9.24,4.32,9.6,73.48,351.58,11.62,4.34,66.29,5892.45,57553.12
NURE_WA_0617,-119.16936705555838,47.69537586241604,BACKGROUND,8.43,13.8,13.69,189.59,391.97,80.85,5.53,137.22,4550.13,23193.11
NURE_WA_0618,-117.58139616062081,48.2235184452535,BACKGROUND,5.25,25.9,21.46,6.37,234.66,31.76,0.88,168.2,1349.69,42552.9
NURE_WA_0619,-117.75522092884903,48.99420002804465,BACKGROUND,1.13,29.1,68.5,17.91,244.71,11.79,0.94,55.14,4787.17,15653.24
NURE_WA_0620,-119.44643694193087,48.0058497679628,MCC,26.53,134.28,54.1,41.91,1004.98,27.87,2.19,32.26,3144.48,26268.11
NURE_WA_0621,-119.37195202998987,48.31157569390143,MCC,6.48,107.5,78.06,46.25,1413.95,42.84,1.82,137.69,1465.14,24251.84
NURE_WA_0622,-118.88858369162585,47.56651657448063,BACKGROUND,20.24,60.85,7.45,32.48,852.07,14.69,3.14,25.79,863.75,15611.66
NURE_WA_0623,-118.54643104442694,47.737349121539346,BACKGROUND,6.4,164.58,8.86,9.73,540.41,11.75,1.58,81.45,7999.69,55729.89
NURE_WA_0624,-118.14523568540912,49.07860819673416,BATHOLITH,11.55,364.99,69.24,51.74,319.26,10.74,1.48,98.07,3989.07,35922.59
NURE_WA_0625,-118.89325908129068,49.044189914297675,MCC,15.0,43.55,32.82,100.81,1154.52,51.34,1.64,69.35,2621.68,24015.49
NURE_WA_0626,-118.61239585160055,47.507903969495054,BACKGROUND,7.23,59.61,68.98,4.57,304.8,24.13,2.37,105.49,7776.91,17142.71
NURE_WA_0627,-117.75758718559874,49.02289885667718,BACKGROUND,3.08,22.72,4.23,22.11,385.01,10.28,1.29,101.89,2478.2,33935.71
NURE_WA_0628,-119.88995039132821,48.5225919005048,MCC,31.96,321.29,266.95,83.64,5503.71,110.09,1.45,350.42,4625.84,18887.84
NURE_WA_0629,-119.24268916696793,48.88866927123204,MCC,107.24,150.31,50.01,57.66,2570.57,105.38,2.94,108.87,8855.18,25232.52
NURE_WA_0630,-117.85995124234634,48.227583769014174,BATHOLITH,4.45,65.8,20.59,18.9,417.35,32.54,1.43,68.26,12509.07,51616.17
NURE_WA_0631,-117.3143794869384,48.3249536457268,BACKGROUND,3.53,10.17,10.25,1.45,476.86,8.19,2.22,41.79,4040.27,23843.92
NURE_WA_0632,-118.464967673653,48.28215452841107,BATHOLITH,27.04,134.68,81.38,2.83,365.76,35.16,1.03,199.98,3820.68,29012.49
NURE_WA_0633,-118.40365954420405,48.56698281207377,BATHOLITH,9.13,25.18,22.11,26.96,567.52,18.73,1.44,146.11,4139.05,12491.98
NURE_WA_0634,-119.67848396598067,47.7234420076101,BACKGROUND,2.68,21.58,15.22,33.0,363.44,17.49,2.22,66.8,3187.16,48481.19
NURE_WA_0635,-118.65776289952963,47.54795774379628,BACKGROUND,6.41,72.58,65.27,28.44,177.35,17.93,1.52,280.78,4815.0,21548.76
NURE_WA_0636,-118.40214820063493,47.9926879065459,BATHOLITH,11.09,60.65,6.62,40.62,410.88,33.93,2.0,228.57,4883.91,51509.68
NURE_WA_0637,-119.27258848909581,48.627489220378635,MCC,26.02,37.45,69.8,19.73,936.06,32.3,3.09,94.83,3926.55,27242.94
NURE_WA_0638,-119.19227030715186,47.82296552339672,BACKGROUND,5.68,56.54,14.07,51.55,1014.48,15.12,1.55,42.0,2383.78,9024.35
NURE_WA_0639,-118.86814751068613,48.577491893319866,MCC,5.46,127.34,44.66,281.94,862.01,24.76,3.86,35.35,1696.68,43367.68
NURE_WA_0640,-119.93978640666683,49.05185927377163,MCC,10.06,43.23,56.7,20.74,1099.39,16.66,1.94,316.26,3048.66,27897.7
NURE_WA_0641,-119.03376250325047,47.65024114526307,BACKGROUND,6.54,67.87,28.03,24.98,465.41,16.32,1.9,37.67,16594.07,44942.64
NURE_WA_0642,-119.36565597901037,48.5761633891602,MCC,5.94,132.12,17.51,31.14,536.87,35.61,0.89,127.63,5632.96,18973.33
NURE_WA_0643,-119.01750794346626,48.21000035088731,MCC,4.94,127.77,23.16,69.33,342.08,16.05,1.16,115.18,5249.54,35065.68
NURE_WA_0644,-119.64071360454224,48.88902760700401,MCC,1.11,95.63,87.86,371.58,819.19,21.5,2.56,89.27,7826.74,19172.07
NURE_WA_0645,-117.32841815778032,47.783439663115814,BACKGROUND,11.73,59.41,59.5,13.77,1036.59,6.13,0.87,209.14,3874.48,50009.36
NURE_WA_0646,-118.21922263933786,48.60820152356187,BATHOLITH,7.52,68.73,31.5,6.56,700.84,21.92,3.13,173.93,5394.01,23908.62
NURE_WA_0647,-117.96269304256653,48.840984463436975,BATHOLITH,7.02,57.81,59.74,33.84,1627.99,52.46,2.24,12.26,7661.25,22241.5
NURE_WA_0648,-117.63248628417799,49.011382751158436,BACKGROUND,4.06,31.69,37.67,5.4,283.04,18.67,3.03,146.86,2494.06,17446.6
NURE_WA_0649,-118.50467340321283,48.593196845263435,MCC,16.34,177.69,36.65,18.93,455.32,32.65,7.13,55.58,7099.36,20635.25
NURE_WA_0650,-119.73923913573773,48.29547962241348,MCC,27.53,84.44,63.22,54.44,804.54,57.61,2.07,47.65,2352.41,5330.16
NURE_WA_0651,-118.38868037454435,48.488555584321944,BATHOLITH,21.94,25.18,48.26,28.34,339.09,36.19,1.84,313.71,1557.89,25851.45
NURE_WA_0652,-118.23947664593736,48.89024797516595,BATHOLITH,8.78,134.0,615.19,28.92,521.46,8.4,0.75,196.9,2849.48,127185.35
NURE_WA_0653,-117.76368157744702,48.412975594622125,BACKGROUND,7.52,63.81,31.67,11.1,194.8,11.37,2.12,71.85,1891.15,19820.43
NURE_WA_0654,-118.70502136131097,47.54861929551494,BACKGROUND,3.03,88.92,6.62,47.77,383.03,12.44,1.15,126.9,15095.04,46291.4
NURE_WA_0655,-119.6172590916133,48.989517912811166,MCC,4.76,204.35,30.03,107.4,1390.01,5.21,1.23,173.72,4197.26,17012.01
NURE_WA_0656,-119.14867228260383,48.603242801650495,MCC,3.89,143.64,479.5,130.17,5830.54,84.69,3.79,307.48,4756.6,27052.67
NURE_WA_0657,-118.9107531108041,48.582421417243594,MCC,29.44,47.81,19.25,34.47,1265.47,37.27,0.97,297.01,2704.19,25909.86
NURE_WA_0658,-118.06224827600519,47.84508024383635,BATHOLITH,55.4,58.24,11.54,40.65,788.15,13.91,3.42,65.11,2935.87,9844.51
NURE_WA_0659,-118.28766508599327,48.554216752372255,BATHOLITH,35.44,250.74,33.25,79.05,470.8,13.49,2.21,96.01,3424.67,56578.83
NURE_WA_0660,-118.93170982230646,48.13018304904666,MCC,13.38,141.8,40.86,11.54,317.64,21.91,1.95,108.01,3824.52,125741.85
NURE_WA_0661,-117.04045425362106,48.541972763266386,BACKGROUND,1.08,60.61,16.54,25.76,711.2,31.46,0.93,75.57,4894.39,46009.04
NURE_WA_0662,-118.18267554192934,47.670548848492786,BATHOLITH,4.27,79.71,10.35,17.94,724.22,8.32,1.93,160.34,5349.77,15794.85
NURE_WA_0663,-119.28831962479201,48.552552487364856,MCC,13.09,73.09,81.45,17.62,939.97,11.76,0.88,158.68,3902.97,23211.19
NURE_WA_0664,-119.69465258213879,49.09906196123307,MCC,14.23,16.54,65.33,36.41,289.59,20.91,9.34,199.0,2438.01,44657.77
NURE_WA_0665,-119.541422582447,47.57713926217689,BACKGROUND,1.81,43.46,35.82,38.9,813.03,20.31,0.88,99.48,6602.72,38375.39
NURE_WA_0666,-119.26212681484648,49.06347869475411,MCC,40.49,371.83,180.53,23.72,6003.67,89.29,3.17,28.65,9692.74,15805.54
NURE_WA_0667,-119.51795588022134,48.15105273715659,MCC,67.74,31.28,91.63,17.41,740.25,22.49,2.75,123.19,1981.86,38304.39
NURE_WA_0668,-119.44029892784609,48.89320552053962,MCC,2.58,66.55,187.36,29.48,386.39,50.39,1.28,115.89,3507.72,79716.36
NURE_WA_0669,-119.14471449391846,48.751816774493236,MCC,5.41,77.12,20.17,41.23,3403.05,76.46,6.65,134.22,4177.39,17253.92
NURE_WA_0670,-119.47987921411574,48.40722601757867,MCC,10.52,182.18,18.43,42.88,445.69,38.58,3.12,41.87,1835.7,14628.44
NURE_WA_0671,-117.30970372612073,48.681518734802125,BACKGROUND,1.77,144.82,32.53,32.6,213.16,31.62,3.07,70.48,1641.16,28771.7
NURE_WA_0672,-119.75929876301507,48.90562489808216,MCC,41.45,139.87,126.42,26.77,8643.33,35.97,1.79,101.06,11144.49,14396.16
NURE_WA_0673,-118.42646583128924,48.14662451464165,BATHOLITH,16.64,101.83,15.61,31.85,344.47,31.16,1.25,96.64,2836.1,17357.27
NURE_WA_0674,-118.76880951903101,48.02325305850118,MCC,29.9,425.67,17.4,162.53,6986.77,40.67,6.13,88.93,1802.75,25333.52
NURE_WA_0675,-117.05286414927419,48.56814941690174,BACKGROUND,2.82,27.88,37.09,19.85,711.49,17.61,2.8,80.97,4387.82,17945.96
NURE_WA_0676,-119.66388329349584,48.792553507106014,MCC,27.47,180.56,24.36,28.86,774.64,14.74,0.82,202.82,2614.12,25842.79
NURE_WA_0677,-118.80643320286278,48.71965621564259,MCC,14.81,97.79,212.78,39.26,4316.14,94.12,1.65,122.87,5146.51,47860.37
NURE_WA_0678,-117.09158870017389,48.776501838173814,BACKGROUND,6.61,20.76,38.58,16.26,109.57,19.16,1.43,79.8,3871.62,12680.79
NURE_WA_0679,-117.40347862231806,48.196933303700696,BACKGROUND,6.35,15.2,12.2,30.7,516.66,26.04,2.37,84.63,12699.89,28489.48
NURE_WA_0680,-117.54878378715216,48.80853474588004,BACKGROUND,14.9,25.67,16.32,24.73,939.11,15.45,1.48,229.2,1741.44,20731.03
NURE_WA_0681,-119.22629151886518,47.69233448859298,BACKGROUND,11.9,25.23,31.87,27.86,1009.02,14.24,2.68,103.84,2232.37,8591.21
NURE_WA_0682,-119.4873372378298,48.37118255673736,MCC,16.58,108.73,27.68,10.53,1493.14,27.26,2.92,289.28,1176.9,20361.95
NURE_WA_0683,-117.99407034022671,47.509213856797,BATHOLITH,23.74,14.71,141.75,22.17,487.82,13.83,1.68,184.0,2133.63,36348.12
NURE_WA_0684,-117.21187203261724,48.01933732784043,THORITE_ANOMALY,7.214773101832988,395.75,32.07,32.99,966.9,7.02,28.039411854901545,25.6,2519.46,23267.71
NURE_WA_0685,-118.32971132095821,48.086338455794234,BATHOLITH,9.18,357.4,20.67,43.71,297.56,6.06,3.56,139.29,2980.52,77302.52
NURE_WA_0686,-118.2851619315903,48.13387630657481,BATHOLITH,2.53,36.44,20.96,67.06,528.72,13.87,1.06,187.97,2054.54,14802.81
NURE_WA_0687,-119.16006271901915,48.61274753070378,MCC,45.85,178.56,288.43,110.69,6526.49,144.51,5.79,80.52,6161.55,11142.82
NURE_WA_0688,-117.69152120042419,48.121692962032554,BACKGROUND,10.96,35.91,18.24,16.12,1427.26,25.4,1.68,51.77,7490.16,47779.28
NURE_WA_0689,-119.43886875432743,48.21790979619605,MCC,15.54,132.55,400.6,16.03,2077.26,100.82,1.79,165.74,2238.47,20507.77
NURE_WA_0690,-119.02896229078726,47.88007060939893,BACKGROUND,11.0,116.87,83.59,18.72,997.31,12.77,3.54,115.45,4940.51,37956.71
NURE_WA_0691,-118.72369068415075,48.09720286660694,MCC,3.51,42.55,58.17,11.47,1925.49,59.07,2.57,55.26,8294.89,92876.03
NURE_WA_0692,-118.47716886394663,47.86363140362104,BATHOLITH,16.06,100.9,65.31,17.92,504.73,25.5,7.87,47.34,3642.86,15596.16
NURE_WA_0693,-119.27277080275476,47.61711347802951,BACKGROUND,3.47,13.82,38.49,84.59,743.35,17.29,2.69,225.49,2376.38,28207.42
NURE_WA_0694,-119.65548952578239,48.4655177494102,MCC,9.33,41.78,41.37,119.66,1692.86,53.02,2.33,137.54,2475.39,25279.11
NURE_WA_0695,-118.1681398726751,48.56914047768802,BATHOLITH,10.2,85.88,28.86,14.46,2963.76,25.52,2.7,90.42,3004.55,27912.51
NURE_WA_0696,-119.13410834027923,48.49118455361538,MCC,3.75,39.45,42.22,74.59,1428.59,111.07,0.94,67.84,8964.26,32275.65
NURE_WA_0697,-118.25628533573216,48.241590470080915,BATHOLITH,36.94,30.54,24.66,15.78,174.05,12.99,3.49,138.87,5439.16,24370.69
NURE_WA_0698,-119.53691185417739,48.10765724828677,MCC,30.19,56.36,53.62,42.08,2146.64,49.07,1.05,53.26,5319.33,28960.41
NURE_WA_0699,-118.55657969443554,48.88133383931492,MCC,25.56,104.22,45.86,73.52,810.66,71.45,1.38,148.12,8545.58,13983.49
NURE_WA_0700,-118.40223170234525,48.33053085621795,BATHOLITH,18.62,153.16,24.94,10.74,874.16,29.75,1.12,52.78,4372.1,42546.36
NURE_WA_0701,-119.84452938953272,48.26669100420757,MCC,36.63,93.6,14.31,51.17,1960.06,48.72,1.13,37.6,2901.61,49371.21
NURE_WA_0702,-118.99018716541823,47.5410273052903,BACKGROUND,15.21,23.3,8.66,29.94,731.69,19.27,0.7,63.63,3795.71,39321.62
NURE_WA_0703,-119.59675596918308,48.045996524201854,MCC,26.54,128.37,73.81,52.63,1863.78,45.47,2.22,88.67,4036.64,39264.39
NURE_WA_0704,-119.80987508858169,48.10831299005737,MCC,14.83,268.43,53.88,22.02,1603.64,13.82,1.18,123.96,5138.1,15047.45
NURE_WA_0705,-117.03011930283016,48.13811644943504,THORITE_ANOMALY,7.8081941407567115,30.65,49.64,35.65,509.07,11.4,4.192835008977541,226.16,5358.42,20282.3
NURE_WA_0706,-119.03293846507583,48.428275790763735,MCC,18.56,185.63,116.95,25.14,390.39,18.07,5.99,69.06,3656.24,65808.4
NURE_WA_0707,-117.57037666243609,48.353764074763006,BACKGROUND,4.93,89.06,94.1,11.57,1113.34,13.2,1.31,118.17,2030.84,38991.44
NURE_WA_0708,-119.23607803570872,48.47264814846951,MCC,13.65,49.2,5.19,15.41,665.2,12.83,1.84,52.19,5282.98,20947.54
NURE_WA_0709,-117.95549183332821,48.723813218467406,BATHOLITH,6.23,156.15,24.61,84.15,652.66,18.62,2.0,99.08,3334.3,25380.81
NURE_WA_0710,-117.71931642033094,48.80077718194575,BACKGROUND,2.6,18.77,8.88,108.72,690.4,18.27,1.19,145.39,3617.18,33796.77
NURE_WA_0711,-118.21308377817647,48.64899692196239,BATHOLITH,9.8,35.04,14.43,8.77,1005.94,19.25,1.38,166.95,2563.16,10176.46
NURE_WA_0712,-118.58527143434952,49.028837913527894,MCC,28.51,93.62,6.02,24.85,565.53,24.37,1.34,85.53,1755.72,33939.53
NURE_WA_0713,-118.7644772575582,47.52917213228218,BACKGROUND,8.14,24.6,1.65,38.34,676.64,32.68,0.67,71.58,4150.82,41207.66
NURE_WA_0714,-118.95339520037102,47.81324477709367,BACKGROUND,1.67,65.83,14.06,4.23,339.31,20.53,0.78,146.5,4515.3,26071.36
NURE_WA_0715,-117.21141256725652,47.51210059996503,THORITE_ANOMALY,4.633124080267123,12.59,16.24,7.76,427.57,25.51,7.031772444773648,87.11,3267.99,52643.9
NURE_WA_0716,-117.50814177663682,48.53595954264737,BACKGROUND,4.18,58.83,35.29,68.62,414.2,35.06,1.49,214.97,6071.65,18084.97
NURE_WA_0717,-117.10491926800046,48.93684887831998,BACKGROUND,10.44,27.03,44.35,17.77,1273.56,12.83,0.91,92.78,3207.84,14250.17
NURE_WA_0718,-119.62710832954336,47.88957167452208,BACKGROUND,21.45,96.57,19.89,4.38,509.01,16.33,4.1,248.28,2639.27,46799.45
NURE_WA_0719,-117.80739757438907,48.98325527167409,BATHOLITH,15.46,162.36,49.54,3.93,472.01,8.13,1.92,177.18,4570.15,56726.25
NURE_WA_0720,-117.18497862953689,47.5964278244633,BACKGROUND,1.92,5.64,25.61,16.57,299.3,6.01,1.43,92.38,5582.14,33321.54
NURE_WA_0721,-119.45630080150302,48.99509764288882,MCC,45.24,277.72,52.23,21.67,932.07,15.0,2.02,113.2,3957.8,62752.3
NURE_WA_0722,-119.80051119789967,48.06259629958342,MCC,2.38,1791.64,25.96,90.43,455.55,36.06,1.38,21.51,3298.65,29190.51
NURE_WA_0723,-117.77663805212983,47.66227332551875,BACKGROUND,6.93,36.72,23.97,22.81,504.56,14.04,1.31,143.08,3298.31,24529.09
NURE_WA_0724,-118.27658066046027,48.27739481469812,BATHOLITH,13.12,20.26,89.36,18.19,525.32,19.27,1.38,132.53,3148.06,18254.97
NURE_WA_0725,-117.47451366972518,47.910842508352815,BACKGROUND,19.59,84.04,48.79,12.84,212.15,35.27,6.7,242.08,3203.16,15821.12
NURE_WA_0726,-119.58068287012114,47.955796643139074,BACKGROUND,18.56,29.28,40.88,19.34,352.89,6.13,2.44,230.52,2688.69,31175.87
NURE_WA_0727,-117.61419806442034,47.99166394388206,BACKGROUND,1.6,26.26,30.05,36.77,700.27,5.0,1.66,60.18,3251.04,28217.68
NURE_WA_0728,-119.39511803985677,48.78484143653226,MCC,19.85,501.65,194.19,290.69,1384.53,59.48,3.27,131.92,9025.55,37894.23
NURE_WA_0729,-119.5090321714029,48.36265804268041,MCC,11.17,140.22,21.78,25.25,1074.3,47.57,3.21,98.26,8282.01,8900.66
NURE_WA_0730,-119.50720260620702,47.998092318649604,BACKGROUND,9.98,46.5,37.46,20.89,706.12,9.83,2.94,178.6,7592.39,91665.66
NURE_WA_0731,-117.55627583930585,48.47653405329747,BACKGROUND,6.93,57.73,6.37,12.72,462.26,27.63,1.53,160.03,3855.25,27203.99
NURE_WA_0732,-118.0044083379114,48.64584107875711,BATHOLITH,3.81,134.13,14.98,17.99,866.33,10.4,2.69,59.98,4418.71,41105.89
NURE_WA_0733,-118.43080372569264,47.936198401173655,BATHOLITH,9.05,103.43,27.86,41.52,1100.48,9.24,5.71,86.96,11660.71,25555.25
NURE_WA_0734,-118.9235085476295,48.161678562440564,MCC,17.76,58.25,42.06,114.88,752.94,21.42,1.13,245.42,2955.71,58382.16
NURE_WA_0735,-117.36839837756068,47.695017749339115,THORITE_ANOMALY,32.07672839584804,89.96,18.71,10.74,358.19,10.67,12.951613273489894,112.46,2079.2,26096.32
NURE_WA_0736,-118.82266467773209,47.78983895925549,BACKGROUND,5.07,42.67,86.47,9.06,188.76,21.74,2.6,58.82,1652.14,70394.3
NURE_WA_0737,-117.55020168158526,48.58978856634398,BACKGROUND,18.36,5.79,15.45,79.14,395.13,11.76,1.83,55.27,1499.32,53799.11
NURE_WA_0738,-118.68259527428934,47.790301356313,BACKGROUND,1.22,71.9,25.21,37.66,404.55,21.8,3.08,176.02,1356.24,39800.46
NURE_WA_0739,-118.86916671172527,48.340261413867296,MCC,14.05,38.26,16.82,12.95,340.41,26.18,7.6,75.6,2979.12,30269.58
NURE_WA_0740,-118.61196064299118,48.634474018755895,MCC,5.92,81.79,20.06,100.12,468.49,47.47,4.84,127.16,3575.54,34403.98
NURE_WA_0741,-119.09586637750758,47.67100307695159,BACKGROUND,1.04,20.34,22.42,9.05,409.16,20.13,2.32,185.06,4542.4,36500.74
NURE_WA_0742,-117.75717185947124,48.407699551406246,BACKGROUND,3.13,15.17,16.04,10.81,469.05,8.55,3.42,68.61,3153.84,29678.09
NURE_WA_0743,-118.49183882972257,47.91050045392218,BATHOLITH,17.84,11.45,97.12,32.93,336.36,9.2,3.11,89.73,1326.25,80854.69
NURE_WA_0744,-119.30336191455955,49.04068300038013,MCC,69.09,468.53,34.58,164.55,1260.65,19.28,1.69,128.28,2985.42,25313.64
NURE_WA_0745,-117.3012762801763,48.27367303475188,BACKGROUND,6.18,22.78,40.59,23.34,127.09,19.57,2.66,104.05,6326.8,20671.47
NURE_WA_0746,-118.84832633588037,48.789588079640254,MCC,17.65,76.16,14.57,15.25,1829.62,31.11,1.7,68.25,3116.02,56255.52
NURE_WA_0747,-118.36934141665803,48.38036246745002,BATHOLITH,2.79,142.68,125.24,29.89,843.38,30.37,0.86,289.31,7096.78,39357.32
NURE_WA_0748,-117.28058366710636,47.56946005256771,BACKGROUND,1.86,34.88,32.87,7.89,494.98,8.01,1.73,48.6,1719.41,36240.95
NURE_WA_0749,-118.12728601225803,48.51304220095044,BATHOLITH,5.32,48.2,24.59,21.46,210.14,6.92,2.62,66.13,7001.86,34005.45
NURE_WA_0750,-119.64930587787491,49.02224534753065,MCC,28.04,54.39,21.48,62.65,1045.11,21.3,4.64,91.47,3929.49,30367.53
NURE_WA_0751,-117.18050362915957,48.46257891223413,BACKGROUND,6.03,147.04,32.77,20.32,470.35,18.54,3.25,144.25,3210.13,35934.63
NURE_WA_0752,-118.11687584078575,48.81070217508287,BATHOLITH,9.32,54.6,10.54,52.75,373.66,18.18,2.38,105.54,3511.94,12006.77
NURE_WA_0753,-118.99528315602875,48.914730341357455,MCC,39.64,180.83,305.36,22.97,1392.57,80.99,1.57,78.62,3279.45,23444.94
NURE_WA_0754,-119.58218378200984,47.86492763511829,BACKGROUND,1.28,180.45,10.18,3.4,511.58,12.52,1.94,122.37,5517.41,76468.27
NURE_WA_0755,-117.61792443218911,47.83927174385316,BACKGROUND,3.18,87.57,40.83,2.2,324.14,7.56,2.75,124.1,4705.87,25334.09
NURE_WA_0756,-118.13978173221446,48.477569582161586,BATHOLITH,8.44,147.59,28.87,5.28,458.62,21.81,5.83,52.96,3045.9,24183.64
NURE_WA_0757,-118.39961672407104,48.15764555169073,BATHOLITH,7.86,30.9,51.56,14.14,260.93,9.41,5.61,127.33,4096.32,26128.75
NURE_WA_0758,-117.31832225084713,48.84377808458675,BACKGROUND,7.14,58.62,24.9,40.81,521.13,8.97,1.53,34.34,11872.58,48424.91
NURE_WA_0759,-117.6342083663264,48.94003699743682,THORITE_ANOMALY,6.266506904606388,20.2,6.13,8.16,635.78,14.11,18.247995646169393,99.26,6156.57,20438.72
NURE_WA_0760,-119.54497536080174,48.065474206884346,MCC,9.61,370.12,12.97,24.81,923.97,30.48,3.23,93.46,4859.34,21212.83
NURE_WA_0761,-119.06483379661336,47.87899289435917,BACKGROUND,10.81,24.98,43.37,20.68,918.65,13.8,2.65,100.61,3658.25,34646.13
NURE_WA_0762,-119.2545325805566,48.74884082439018,MCC,8.84,16.24,74.64,4.21,351.94,14.65,2.69,246.6,1376.97,22648.25
NURE_WA_0763,-117.76816112228197,47.93968965687702,BACKGROUND,5.81,57.63,85.08,21.89,917.92,21.34,1.68,47.11,4494.38,13121.02
NURE_WA_0764,-119.89940269579266,48.81618290962189,MCC,51.56,596.75,52.21,51.48,1011.19,36.29,1.4,197.57,1844.11,46887.71
NURE_WA_0765,-118.29033094538605,48.17798120583802,BATHOLITH,17.81,47.67,9.63,17.16,715.48,16.18,2.63,219.38,5328.47,33503.31
NURE_WA_0766,-117.71262394277792,48.56807983886635,BACKGROUND,2.95,32.82,4.36,7.86,443.34,14.56,2.84,91.83,4427.68,23805.96
NURE_WA_0767,-117.36970308971475,47.65285650213547,BACKGROUND,5.86,214.06,60.97,16.75,411.08,27.32,6.44,174.62,12866.51,17996.01
NURE_WA_0768,-118.97375475385228,48.498174919482516,MCC,9.36,201.44,177.6,43.98,1310.51,62.11,2.94,58.87,10035.55,21007.5
NURE_WA_0769,-117.53622808598396,48.22282828597957,BACKGROUND,8.24,76.14,13.46,4.71,508.43,15.29,1.26,171.19,3750.02,19162.68
NURE_WA_0770,-119.66810478913438,48.43857354108076,MCC,12.22,105.63,16.57,4.42,776.11,19.84,2.92,90.75,3039.39,91407.74
NURE_WA_0771,-117.46064312479645,47.76882273239178,BACKGROUND,10.42,28.49,17.11,15.21,329.53,21.19,4.64,133.54,4086.39,17367.69
NURE_WA_0772,-119.61753401300405,48.67899799191069,MCC,14.53,65.03,39.83,22.86,361.02,13.74,2.1,172.6,9807.85,27103.67
NURE_WA_0773,-118.8081381283189,48.88047532406917,MCC,5.34,24.78,56.17,151.22,451.5,10.27,3.75,122.75,4646.24,72404.53
NURE_WA_0774,-117.60811390266134,47.84678368014524,BACKGROUND,1.77,40.17,23.85,14.73,2013.66,13.0,1.58,110.24,6610.8,20072.42
NURE_WA_0775,-119.55024771795368,47.65314328883226,BACKGROUND,5.01,93.83,80.52,1.92,654.58,7.0,2.83,110.46,5489.59,22754.58
NURE_WA_0776,-119.31224581430207,47.537821737674136,BACKGROUND,1.19,31.59,31.75,46.11,268.65,27.28,1.5,125.8,2908.37,33202.38
NURE_WA_0777,-117.8332422948208,48.52715440070923,BATHOLITH,13.97,19.45,15.1,23.1,1948.66,9.56,6.64,312.69,3656.02,25438.82
NURE_WA_0778,-117.83989039036177,48.47135045774205,BATHOLITH,6.91,18.42,27.45,68.85,366.62,13.51,0.83,126.62,4468.24,31091.35
NURE_WA_0779,-118.07655710134411,48.37471586034251,BATHOLITH,7.77,122.32,38.71,25.74,579.63,28.78,3.12,114.51,8955.97,37888.59
NURE_WA_0780,-117.9181546665987,47.87111535378556,BATHOLITH,12.37,13.09,88.48,22.16,499.88,18.04,1.77,116.7,2779.11,60837.49
NURE_WA_0781,-118.37182666995722,48.12544959344882,BATHOLITH,7.63,39.47,52.5,23.14,638.15,8.73,0.88,145.57,8789.77,16987.53
NURE_WA_0782,-119.24460282327914,48.451162136297874,MCC,15.83,100.96,35.91,13.81,1965.78,22.18,1.39,178.36,1358.25,12893.86
NURE_WA_0783,-118.96291201948824,48.29482697417467,MCC,8.86,84.41,21.59,199.65,556.19,16.66,1.38,110.22,5426.74,58498.75
NURE_WA_0784,-119.45520684959573,49.08045683234382,MCC,6.75,97.61,54.01,29.15,1017.6,14.43,5.09,178.43,1830.44,16534.47
NURE_WA_0785,-117.27464831599912,47.71830360409077,BACKGROUND,9.95,15.77,17.18,28.91,495.96,17.82,1.19,143.11,2746.43,25068.19
NURE_WA_0786,-118.24982461570164,48.61223128647615,BATHOLITH,7.2,70.08,8.5,17.89,625.51,34.7,2.15,130.28,2301.39,15818.84
NURE_WA_0787,-118.79744574970908,48.146910028966865,MCC,11.25,722.23,45.7,75.71,1978.06,23.79,1.68,145.47,4893.21,9933.47
NURE_WA_0788,-118.6139825890676,48.18511938388099,MCC,7.07,58.69,62.66,139.08,910.07,58.67,0.96,110.64,2858.55,35092.32
NURE_WA_0789,-117.15814998116456,48.64815642505308,BACKGROUND,1.85,21.96,5.76,6.67,671.51,13.43,2.44,281.61,3274.66,42662.68
NURE_WA_0790,-119.53994579065176,48.607897842118994,MCC,0.4,107.88,12.81,30.74,806.42,68.98,2.68,112.81,6137.75,36816.36
NURE_WA_0791,-118.2413105039496,49.086009589923506,BATHOLITH,19.93,26.34,42.75,5.46,576.1,17.18,5.43,43.2,2765.26,47360.75
NURE_WA_0792,-118.4823339633466,47.7054308631266,BATHOLITH,14.07,44.39,29.62,55.82,500.01,19.01,2.01,53.39,6476.27,39672.36
NURE_WA_0793,-118.16563729369605,47.666575439014665,BATHOLITH,4.1,153.97,12.82,22.57,884.19,4.89,1.91,75.3,2614.55,37159.19
NURE_WA_0794,-119.94566944853747,48.658942107405984,MCC,10.5,113.12,51.62,41.13,583.29,59.19,2.52,128.09,2467.28,23265.28
NURE_WA_0795,-117.38362827316755,48.42541906721026,BACKGROUND,1.58,11.27,13.72,30.59,358.17,8.77,1.36,79.94,3171.22,99724.92
NURE_WA_0796,-117.20364515254916,47.938657066495686,BACKGROUND,13.61,17.38,52.62,54.75,273.11,8.09,1.53,46.95,2503.41,24040.3
NURE_WA_0797,-118.30460044923237,47.62707099038238,BATHOLITH,10.76,28.83,50.05,11.63,471.79,22.59,1.5,75.04,5357.1,18652.52
NURE_WA_0798,-117.91004752836932,47.63705319935429,BATHOLITH,13.09,370.15,54.55,29.35,690.57,8.51,2.29,101.21,4611.98,32015.2
NURE_WA_0799,-117.23250185646812,48.93070539946259,THORITE_ANOMALY,8.830376264381893,48.26,8.14,15.17,1112.56,18.42,10.123013698974686,294.47,1814.36,16222.48
