lat,lon,Th,Ce,La,P,U,Au,As,Ti,Fe,Zr,Y,Cr,Nb,Hf,Sc,W,lab_id
38.85,-121.451,-2.0,28.0,11.0,274.0,1.6,,,3843.0,3.33,30.0,14.0,81.0,4.0,-15.0,14.0,,5189852
38.7656,-121.5417,10.0,39.0,18.0,547.0,3.0,,,3478.0,3.9,40.0,13.0,101.0,6.0,-15.0,14.0,,5189787
38.7805,-121.5168,-2.0,35.0,17.0,394.0,2.0,,,3065.0,2.23,36.0,11.0,54.0,6.0,-15.0,9.0,,5189788
38.79,-121.5419,8.0,47.0,21.0,674.0,2.4,,,3235.0,3.52,41.0,14.0,77.0,7.0,-15.0,13.0,,5189789
38.8085,-121.518,6.0,42.0,16.0,367.0,2.0,,,4406.0,4.23,35.0,14.0,114.0,7.0,-15.0,14.0,,5189790
38.8147,-121.5508,4.0,38.0,18.0,401.0,1.8,,,3618.0,3.96,41.0,15.0,89.0,7.0,-15.0,14.0,,5189791
38.8384,-121.542,-2.0,30.0,12.0,652.0,2.0,,,4399.0,4.29,35.0,17.0,112.0,5.0,-15.0,18.0,,5189792
38.8449,-121.5106,5.0,36.0,15.0,577.0,1.9,,,4154.0,4.5,34.0,17.0,107.0,6.0,-15.0,17.0,,5189793
38.8675,-121.5284,2.0,32.0,14.0,359.0,2.0,,,4295.0,4.93,33.0,17.0,112.0,6.0,-15.0,19.0,,5189794
38.8669,-121.5554,-2.0,21.0,10.0,332.0,1.8,,,4091.0,3.83,30.0,15.0,94.0,4.0,-15.0,17.0,,5189795
38.891,-121.5249,7.0,33.0,14.0,249.0,1.5,,,3644.0,3.61,37.0,13.0,86.0,7.0,-15.0,14.0,,5189796
38.9096,-121.513,3.0,33.0,15.0,252.0,1.9,,,4503.0,3.42,47.0,14.0,92.0,8.0,-15.0,14.0,,5189797
38.9391,-121.5241,4.0,25.0,13.0,454.0,2.3,,,3748.0,3.24,33.0,10.0,111.0,6.0,-15.0,11.0,,5189798
38.9604,-121.5061,7.0,41.0,15.0,372.0,1.9,,,4562.0,3.38,49.0,13.0,96.0,8.0,-15.0,13.0,,5189799
38.9959,-121.5408,3.0,27.0,11.0,187.0,1.1,,,4575.0,4.6,36.0,18.0,93.0,7.0,-15.0,18.0,,5189800
38.9921,-121.572,3.0,36.0,15.0,514.0,2.2,,,3784.0,4.29,43.0,15.0,103.0,5.0,-15.0,16.0,,5189801
38.9703,-121.5555,-2.0,44.0,22.0,733.0,3.0,,,4180.0,4.45,52.0,18.0,133.0,7.0,-15.0,19.0,,5189802
38.9479,-121.5526,6.0,36.0,17.0,630.0,2.1,,,3600.0,3.95,44.0,14.0,98.0,6.0,-15.0,15.0,,5189803
38.9254,-121.548,4.0,35.0,16.0,595.0,2.1,,,4601.0,3.59,52.0,14.0,102.0,7.0,-15.0,14.0,,5189804
38.9174,-121.5679,5.0,40.0,18.0,684.0,2.3,,,3899.0,4.77,46.0,16.0,125.0,7.0,-15.0,17.0,,5189805
38.8942,-121.5548,-2.0,20.0,10.0,309.0,1.6,,,3457.0,3.11,37.0,12.0,85.0,5.0,-15.0,12.0,,5189806
38.8901,-121.598,5.0,36.0,15.0,864.0,2.4,,,4242.0,4.41,36.0,13.0,156.0,7.0,-15.0,16.0,,5189807
38.7878,-121.6177,4.0,30.0,13.0,862.0,1.8,,,4399.0,4.48,29.0,13.0,172.0,7.0,-15.0,16.0,,5189808
38.8084,-121.6156,-2.0,34.0,17.0,820.0,3.0,,,4010.0,4.62,46.0,16.0,155.0,7.0,-15.0,19.0,,5189809
38.8374,-121.614,6.0,37.0,17.0,675.0,2.5,,,3631.0,4.1,40.0,15.0,133.0,5.0,-15.0,16.0,,5189810
38.7622,-121.5766,5.0,31.0,13.0,394.0,1.8,,,3878.0,3.55,46.0,13.0,119.0,6.0,-15.0,14.0,,5189811
38.7781,-121.5912,4.0,33.0,14.0,537.0,2.0,,,3842.0,3.73,35.0,12.0,124.0,7.0,-15.0,14.0,,5189812
38.8361,-121.5865,2.0,28.0,13.0,326.0,1.9,,,3686.0,3.5,42.0,14.0,94.0,6.0,-15.0,14.0,,5189813
38.8581,-121.5983,3.0,34.0,16.0,458.0,2.1,,,3614.0,4.0,38.0,14.0,126.0,6.0,-15.0,15.0,,5189814
38.9269,-121.6045,3.0,26.0,13.0,762.0,1.9,,,3432.0,3.81,35.0,13.0,116.0,5.0,-15.0,14.0,,5189815
38.9457,-121.6046,2.0,38.0,16.0,1138.0,2.2,,,3635.0,4.17,42.0,15.0,115.0,6.0,-15.0,15.0,,5189816
38.9638,-121.5872,-2.0,31.0,14.0,1035.0,2.0,,,3588.0,4.56,37.0,14.0,134.0,6.0,-15.0,16.0,,5189817
38.9742,-121.6138,6.0,41.0,18.0,638.0,2.1,,,3836.0,4.18,47.0,15.0,113.0,8.0,-15.0,15.0,,5189818
38.9905,-121.5944,3.0,38.0,17.0,792.0,1.9,,,3265.0,4.22,41.0,14.0,100.0,6.0,-15.0,15.0,,5189819
38.9807,-121.6544,-2.0,32.0,15.0,695.0,1.9,,,3759.0,4.47,45.0,15.0,136.0,7.0,-15.0,16.0,,5189820
38.9952,-121.6925,3.0,37.0,16.0,679.0,1.7,,,4012.0,4.61,47.0,15.0,138.0,8.0,-15.0,17.0,,5189821
38.9505,-121.6783,7.0,46.0,19.0,579.0,1.7,,,3862.0,4.55,45.0,15.0,132.0,9.0,-15.0,17.0,,5189822
38.9245,-121.6874,5.0,36.0,15.0,909.0,2.8,,,3717.0,4.37,46.0,16.0,122.0,6.0,-15.0,16.0,,5189826
38.8936,-121.6968,-2.0,31.0,15.0,769.0,2.3,,,3781.0,4.83,52.0,17.0,126.0,7.0,-15.0,18.0,,5189830
38.9226,-121.6628,4.0,34.0,15.0,490.0,2.1,,,3755.0,4.09,45.0,15.0,121.0,7.0,-15.0,15.0,,5189833
38.8935,-121.6519,-2.0,34.0,16.0,529.0,2.2,,,3388.0,3.46,41.0,13.0,111.0,6.0,-15.0,14.0,,5189834
38.8201,-121.6981,2.0,34.0,15.0,914.0,,,,3580.0,5.13,54.0,18.0,136.0,5.0,-15.0,19.0,,5189838
38.8583,-121.6813,6.0,37.0,16.0,713.0,2.9,,,3644.0,5.18,54.0,18.0,145.0,5.0,-15.0,20.0,,5189839
38.8586,-121.6631,7.0,37.0,16.0,935.0,2.4,,,3938.0,4.41,47.0,15.0,141.0,6.0,-15.0,17.0,,5189840
38.8174,-121.6703,5.0,36.0,15.0,716.0,2.5,,,3639.0,5.25,53.0,17.0,141.0,6.0,-15.0,19.0,,5189841
38.7837,-121.6595,3.0,27.0,12.0,807.0,2.2,,,3388.0,4.94,47.0,16.0,131.0,5.0,-15.0,17.0,,5189842
38.7641,-121.671,-2.0,17.0,8.0,767.0,1.5,,,3187.0,3.75,38.0,12.0,118.0,4.0,-15.0,13.0,,5189843
38.791,-121.6799,-2.0,28.0,11.0,730.0,2.1,,,3551.0,4.6,46.0,15.0,124.0,4.0,-15.0,16.0,,5189844
38.78,-121.4814,3.0,33.0,13.0,297.0,1.9,,,3300.0,2.39,37.0,10.0,62.0,6.0,-15.0,9.0,,5189847
38.7554,-121.4696,-2.0,29.0,11.0,153.0,1.8,,,3329.0,2.57,34.0,10.0,63.0,5.0,-15.0,10.0,,5189848
38.7731,-121.4546,4.0,28.0,12.0,221.0,1.7,,,2853.0,2.09,30.0,8.0,57.0,6.0,-15.0,8.0,,5189849
38.7901,-121.4507,4.0,22.0,10.0,154.0,2.0,,,3202.0,2.02,34.0,9.0,46.0,4.0,-15.0,8.0,,5189850
38.8244,-121.46,4.0,32.0,11.0,193.0,2.0,,,3250.0,2.12,37.0,9.0,50.0,6.0,-15.0,8.0,,5189851
38.8674,-121.4692,3.0,28.0,11.0,362.0,1.6,,,3919.0,2.97,33.0,13.0,71.0,5.0,-15.0,13.0,,5189853
38.8493,-121.4876,-2.0,27.0,12.0,429.0,1.8,,,4280.0,4.18,34.0,16.0,101.0,5.0,-15.0,17.0,,5189854
38.8245,-121.4939,9.0,42.0,16.0,324.0,1.6,,,3737.0,3.37,33.0,14.0,81.0,7.0,-15.0,14.0,,5189855
38.803,-121.4834,5.0,22.0,10.0,369.0,1.8,,,2949.0,2.31,34.0,9.0,56.0,4.0,-15.0,9.0,,5189856
38.897,-121.4879,7.0,32.0,14.0,471.0,1.7,,,3612.0,4.12,34.0,15.0,98.0,6.0,-15.0,17.0,,5189857
38.7577,-121.4311,6.0,27.0,11.0,160.0,1.7,,,2740.0,1.91,32.0,8.0,52.0,6.0,-15.0,7.0,,5189858
38.8968,-121.4504,5.0,25.0,9.0,527.0,1.2,,,3205.0,3.76,26.0,13.0,90.0,6.0,-15.0,14.0,,5189859
38.8019,-121.4238,8.0,33.0,14.0,101.0,2.4,,,4316.0,2.38,42.0,10.0,71.0,8.0,-15.0,9.0,,5189860
38.8969,-121.4133,6.0,35.0,13.0,170.0,,,,3719.0,3.38,28.0,16.0,82.0,7.0,-15.0,15.0,,5189861
38.795,-121.3971,5.0,26.0,13.0,526.0,1.7,,,3904.0,4.39,49.0,15.0,119.0,5.0,-15.0,16.0,,5189862
38.9258,-121.4139,-2.0,33.0,17.0,344.0,1.8,,,4082.0,3.82,46.0,16.0,83.0,5.0,-15.0,13.0,,5189863
38.8232,-121.4245,3.0,20.0,11.0,181.0,1.7,,,3022.0,1.98,34.0,9.0,56.0,4.0,-15.0,8.0,,5189864
38.9208,-121.4514,-2.0,22.0,8.0,243.0,1.4,,,3992.0,3.37,29.0,14.0,83.0,4.0,-15.0,16.0,,5189865
38.8247,-121.3861,6.0,37.0,16.0,139.0,1.9,,,3685.0,2.84,45.0,13.0,75.0,6.0,-15.0,11.0,,5189866
38.9198,-121.4878,-2.0,22.0,10.0,276.0,1.2,,,4559.0,3.77,38.0,16.0,98.0,4.0,-15.0,18.0,,5189867
38.8242,-121.3489,8.0,43.0,23.0,270.0,2.5,,,3146.0,2.46,49.0,13.0,47.0,7.0,-15.0,10.0,,5189868
38.9456,-121.4875,-2.0,34.0,14.0,363.0,1.8,,,4653.0,3.64,47.0,13.0,114.0,7.0,-15.0,14.0,,5189869
38.846,-121.3689,6.0,36.0,19.0,222.0,2.6,,,3191.0,2.52,49.0,11.0,45.0,6.0,-15.0,9.0,,5189870
38.9688,-121.4869,5.0,40.0,20.0,582.0,2.6,,,3866.0,3.51,48.0,14.0,120.0,7.0,-15.0,15.0,,5189871
38.8463,-121.4092,14.0,36.0,15.0,292.0,1.7,,,3392.0,2.54,43.0,11.0,61.0,6.0,-15.0,9.0,,5189872
38.9898,-121.4862,10.0,44.0,18.0,470.0,3.1,,,3977.0,2.89,40.0,11.0,106.0,8.0,-15.0,11.0,,5189873
38.8678,-121.349,4.0,32.0,15.0,340.0,1.8,,,4492.0,4.2,33.0,18.0,97.0,7.0,-15.0,17.0,,5189874
38.9695,-121.4502,8.0,43.0,16.0,459.0,1.7,,,4148.0,3.79,43.0,12.0,107.0,9.0,-15.0,13.0,,5189875
38.8683,-121.4045,9.0,34.0,12.0,328.0,1.6,,,3863.0,3.2,30.0,14.0,79.0,5.0,-15.0,14.0,,5189876
38.9462,-121.45,6.0,41.0,14.0,343.0,1.6,,,4456.0,3.81,37.0,15.0,95.0,8.0,-15.0,16.0,,5189877
38.8386,-121.3203,10.0,36.0,16.0,251.0,2.2,,,3041.0,2.39,39.0,10.0,48.0,7.0,-15.0,9.0,,5189878
38.9405,-121.3862,-2.0,31.0,10.0,438.0,1.5,,,4956.0,4.29,33.0,18.0,105.0,7.0,-15.0,21.0,,5189879
38.8631,-121.301,-2.0,22.0,8.0,189.0,1.2,,,3631.0,3.36,25.0,12.0,92.0,4.0,-15.0,13.0,,5189880
38.9593,-121.4139,-2.0,26.0,10.0,308.0,1.6,,,4000.0,3.11,33.0,12.0,82.0,5.0,-15.0,15.0,,5189881
38.758,-121.3569,,,,,,,,,,,,,,,,,5189882
38.987,-121.4139,-2.0,24.0,9.0,400.0,2.0,,,3106.0,2.43,29.0,8.0,82.0,7.0,-15.0,9.0,,5189883
38.7804,-121.3701,3.0,33.0,17.0,231.0,,,,3545.0,2.53,49.0,10.0,42.0,7.0,-15.0,8.0,,5189884
38.9895,-121.3886,-2.0,25.0,11.0,208.0,1.6,,,3882.0,3.03,45.0,10.0,70.0,6.0,-15.0,10.0,,5189885
38.8003,-121.3478,6.0,42.0,22.0,171.0,3.0,,,3494.0,3.09,50.0,12.0,47.0,8.0,-15.0,11.0,,5189886
38.9848,-121.357,7.0,29.0,12.0,219.0,2.0,,,4224.0,2.92,47.0,10.0,76.0,6.0,-15.0,10.0,,5189887
38.7953,-121.2642,8.0,42.0,17.0,690.0,0.6,,,5257.0,5.71,97.0,10.0,64.0,7.0,-15.0,14.0,,5189888
38.9844,-121.3206,-2.0,26.0,16.0,509.0,2.2,,,4073.0,2.96,36.0,15.0,69.0,5.0,-15.0,11.0,,5189889
38.8178,-121.3033,9.0,36.0,19.0,186.0,2.6,,,3136.0,2.34,44.0,10.0,39.0,6.0,-15.0,9.0,,5189890
38.9845,-121.2834,-2.0,27.0,8.0,497.0,0.5,,,5799.0,7.12,30.0,13.0,188.0,5.0,-15.0,24.0,,5189891
38.7944,-121.3063,7.0,34.0,13.0,336.0,2.1,,,3678.0,3.08,47.0,11.0,58.0,6.0,-15.0,10.0,,5189892
38.9626,-121.293,5.0,26.0,12.0,378.0,1.7,,,4204.0,3.73,39.0,13.0,99.0,5.0,-15.0,14.0,,5189893
38.7664,-121.2793,-2.0,15.0,7.0,440.0,1.9,,,3482.0,3.05,26.0,10.0,64.0,4.0,-15.0,11.0,,5189894
38.9517,-121.2649,-2.0,23.0,8.0,303.0,1.0,,,3793.0,4.9,17.0,15.0,61.0,4.0,-15.0,22.0,,5189895
38.8809,-121.2931,-2.0,24.0,9.0,717.0,1.2,,,4262.0,4.74,22.0,17.0,123.0,4.0,-15.0,20.0,,5189896
38.9453,-121.3034,8.0,18.0,7.0,606.0,2.1,,,3775.0,1.99,34.0,5.0,53.0,7.0,-15.0,7.0,,5189897
38.9626,-121.3589,2.0,34.0,17.0,405.0,1.8,,,5349.0,4.52,74.0,14.0,68.0,8.0,-15.0,14.0,,5189898
38.9266,-121.3163,5.0,29.0,9.0,248.0,1.3,,,5059.0,4.33,21.0,16.0,99.0,5.0,-15.0,18.0,,5189899
38.8966,-121.3206,6.0,30.0,9.0,294.0,1.2,,,3357.0,3.22,20.0,13.0,85.0,5.0,-15.0,14.0,,5189900
38.9262,-121.2735,6.0,20.0,9.0,245.0,1.7,,,3323.0,3.06,22.0,15.0,69.0,5.0,-15.0,13.0,,5189901
38.8967,-121.357,8.0,23.0,9.0,440.0,1.5,,,3351.0,3.27,24.0,13.0,84.0,4.0,-15.0,13.0,,5189902
38.9006,-121.2639,3.0,15.0,7.0,292.0,1.6,,,4717.0,4.1,27.0,13.0,106.0,-4.0,-15.0,15.0,,5189903
38.9261,-121.3577,-2.0,29.0,11.0,261.0,1.5,,,4801.0,4.03,29.0,18.0,95.0,6.0,-15.0,19.0,,5189904
38.9042,-121.293,3.0,23.0,7.0,172.0,1.6,,,3817.0,3.33,26.0,16.0,75.0,5.0,-15.0,16.0,,5189905
38.7645,-121.2222,7.0,27.0,14.0,345.0,2.1,,,5718.0,5.15,76.0,10.0,53.0,7.0,-15.0,12.0,,5189906
38.7938,-121.232,8.0,25.0,14.0,348.0,2.0,,,3330.0,2.89,26.0,15.0,59.0,4.0,-15.0,11.0,,5189907
38.8273,-121.224,7.0,23.0,12.0,356.0,1.5,,,4442.0,4.38,17.0,14.0,73.0,5.0,-15.0,13.0,,5189908
38.8539,-121.2252,3.0,20.0,9.0,336.0,1.9,,,6576.0,6.6,45.0,20.0,107.0,6.0,-15.0,24.0,,5189909
38.8543,-121.1945,2.0,19.0,8.0,334.0,1.3,,,3335.0,3.43,11.0,15.0,55.0,-4.0,-15.0,14.0,,5189910
38.8258,-121.1913,-2.0,18.0,8.0,619.0,2.1,,,3581.0,3.73,11.0,18.0,71.0,4.0,-15.0,14.0,,5189911
38.957,-121.096,-2.0,22.0,11.0,509.0,1.0,,,5249.0,6.34,30.0,17.0,846.0,7.0,-15.0,18.0,,5189940
38.7907,-121.1906,-2.0,12.0,6.0,286.0,1.0,,,1725.0,1.95,15.0,9.0,35.0,-4.0,-15.0,9.0,,5189912
38.7672,-121.1906,-2.0,15.0,7.0,211.0,1.6,,,1517.0,1.47,9.0,6.0,10.0,-4.0,-15.0,4.0,,5189913
38.7671,-121.164,-2.0,19.0,9.0,216.0,2.0,,,2515.0,2.34,15.0,8.0,25.0,5.0,-15.0,7.0,,5189914
38.7967,-121.1529,6.0,14.0,7.0,221.0,0.8,,,5325.0,5.33,20.0,17.0,217.0,4.0,-15.0,23.0,,5189915
38.8245,-121.1535,7.0,19.0,9.0,468.0,1.2,,,4506.0,4.64,20.0,15.0,114.0,4.0,-15.0,17.0,,5189916
38.8442,-121.1571,-2.0,16.0,9.0,560.0,3.1,,,2208.0,3.43,13.0,10.0,91.0,-4.0,-15.0,13.0,,5189917
38.8546,-121.1521,14.0,26.0,9.0,655.0,7.1,,,8027.0,5.81,57.0,26.0,187.0,7.0,-15.0,25.0,,5189918
38.8757,-121.1521,14.0,46.0,21.0,1502.0,3.1,,,5016.0,4.05,14.0,21.0,108.0,6.0,-15.0,14.0,,5189919
38.8911,-121.1946,-2.0,19.0,6.0,262.0,1.7,,,3309.0,3.92,12.0,21.0,76.0,4.0,-15.0,19.0,,5189920
38.8274,-120.8344,6.0,33.0,20.0,258.0,2.3,,,2193.0,3.0,58.0,11.0,60.0,4.0,33.0,10.0,,5189971
38.874,-121.1992,4.0,22.0,12.0,396.0,1.3,,,6310.0,6.48,63.0,14.0,74.0,8.0,-15.0,17.0,,5189921
38.872,-121.2372,4.0,24.0,11.0,1083.0,1.7,,,3602.0,3.79,15.0,17.0,75.0,5.0,-15.0,15.0,,5189922
38.8974,-121.2292,4.0,20.0,10.0,456.0,2.0,,,2919.0,2.98,12.0,13.0,38.0,5.0,-15.0,11.0,,5189923
38.9261,-121.2266,6.0,30.0,13.0,751.0,2.2,,,4751.0,4.91,15.0,20.0,99.0,5.0,-15.0,15.0,,5189924
38.9559,-121.2278,-2.0,-10.0,4.0,413.0,1.1,,,4200.0,7.01,13.0,13.0,141.0,5.0,-15.0,30.0,,5189925
38.985,-121.2185,-2.0,-10.0,2.0,389.0,0.6,,,3529.0,5.72,12.0,13.0,192.0,4.0,-15.0,33.0,,5189926
38.9817,-121.1978,-2.0,-10.0,3.0,453.0,0.4,,,5332.0,5.68,17.0,14.0,21.0,-4.0,-15.0,16.0,,5189927
38.9544,-121.1892,5.0,17.0,7.0,633.0,0.8,,,4865.0,6.07,10.0,16.0,133.0,5.0,-15.0,26.0,,5189928
38.9275,-121.1949,9.0,30.0,15.0,554.0,2.2,,,4387.0,4.29,17.0,18.0,104.0,6.0,-15.0,15.0,,5189929
38.7589,-120.8186,2.0,43.0,24.0,338.0,2.9,,,4289.0,4.4,79.0,16.0,111.0,10.0,-15.0,14.0,,5189972
38.9307,-121.1568,-2.0,-10.0,2.0,291.0,0.3,,,5928.0,6.8,10.0,15.0,105.0,4.0,-15.0,29.0,,5189930
38.9529,-121.1581,-2.0,16.0,6.0,693.0,0.6,,,6554.0,6.6,28.0,23.0,39.0,5.0,-15.0,19.0,,5189931
38.9561,-121.1258,-2.0,16.0,8.0,585.0,1.2,,,5061.0,5.3,36.0,18.0,77.0,5.0,-15.0,22.0,,5189932
38.901,-121.151,-2.0,10.0,5.0,545.0,0.8,,,3818.0,4.82,17.0,12.0,180.0,-4.0,-15.0,18.0,,5189933
38.8984,-121.126,-2.0,12.0,4.0,884.0,0.6,,,3995.0,5.65,17.0,12.0,244.0,5.0,-15.0,22.0,,5189934
38.8985,-121.0982,-2.0,11.0,3.0,454.0,0.4,,,6113.0,6.07,13.0,17.0,81.0,5.0,-15.0,32.0,,5189935
38.9002,-121.0553,6.0,-10.0,3.0,446.0,0.5,,,5801.0,6.61,13.0,20.0,244.0,6.0,-15.0,28.0,,5189936
38.9276,-121.0565,5.0,-10.0,3.0,338.0,0.4,,,5266.0,6.54,18.0,25.0,194.0,6.0,-15.0,35.0,,5189937
38.9275,-121.085,-2.0,-10.0,5.0,1009.0,0.7,,,4113.0,5.37,18.0,15.0,463.0,7.0,-15.0,20.0,,5189938
38.9318,-121.1231,-2.0,17.0,7.0,789.0,0.7,,,5308.0,5.12,24.0,18.0,46.0,5.0,-15.0,19.0,,5189939
38.9851,-121.1243,-2.0,15.0,9.0,430.0,0.8,,,4815.0,6.46,43.0,18.0,80.0,5.0,26.0,25.0,,5189941
38.974,-121.1437,8.0,22.0,11.0,417.0,0.9,,,4015.0,3.69,35.0,11.0,51.0,5.0,18.0,15.0,,5189942
38.9872,-121.0947,-2.0,12.0,6.0,529.0,0.8,,,3777.0,4.09,25.0,10.0,98.0,7.0,-15.0,18.0,,5189943
38.956,-121.0527,-2.0,46.0,25.0,1289.0,2.1,,,10522.0,6.58,78.0,21.0,99.0,26.0,-15.0,18.0,,5189944
38.9779,-121.0602,6.0,32.0,18.0,359.0,2.0,,,7236.0,5.05,27.0,17.0,85.0,13.0,15.0,16.0,,5189945
38.9851,-121.0226,3.0,39.0,22.0,786.0,1.8,,,8301.0,6.53,70.0,23.0,43.0,15.0,-15.0,23.0,,5189946
38.9574,-121.0161,10.0,46.0,26.0,403.0,3.6,,,3729.0,3.2,78.0,16.0,57.0,8.0,15.0,13.0,,5189947
38.9247,-121.017,5.0,29.0,12.0,613.0,1.5,,,4784.0,4.32,59.0,12.0,59.0,9.0,-15.0,15.0,,5189948
38.9041,-121.0132,-2.0,51.0,29.0,1673.0,3.2,,,12558.0,6.17,90.0,23.0,85.0,35.0,-15.0,13.0,,5189949
38.8737,-121.0195,2.0,-10.0,4.0,546.0,0.5,,,2945.0,4.48,13.0,12.0,271.0,4.0,-15.0,22.0,,5189950
38.85,-121.0119,-2.0,27.0,12.0,487.0,0.8,,,7538.0,6.59,20.0,25.0,171.0,10.0,-15.0,32.0,,5189951
38.8392,-121.0429,10.0,22.0,12.0,444.0,1.3,,,8170.0,7.72,26.0,25.0,194.0,7.0,28.0,36.0,,5189952
38.8252,-121.0552,3.0,12.0,4.0,368.0,0.4,,,8140.0,7.23,10.0,19.0,94.0,5.0,-15.0,25.0,,5189953
38.7874,-121.0826,3.0,10.0,3.0,42.0,0.2,,,765.0,5.87,4.0,4.0,403.0,-4.0,-15.0,8.0,,5189954
38.7701,-121.0986,6.0,30.0,14.0,400.0,1.1,,,3484.0,4.64,22.0,13.0,43.0,5.0,16.0,18.0,,5189955
38.7967,-121.0654,5.0,14.0,4.0,292.0,0.4,,,7062.0,6.12,16.0,21.0,144.0,6.0,-15.0,29.0,,5189956
38.8238,-121.0115,-2.0,20.0,7.0,445.0,0.6,,,11968.0,9.34,14.0,38.0,125.0,6.0,-15.0,38.0,,5189957
38.7977,-121.0159,5.0,64.0,34.0,1189.0,1.6,,,17890.0,7.17,35.0,20.0,213.0,43.0,-15.0,16.0,,5189958
38.763,-121.0235,-2.0,-10.0,-2.0,62.0,0.4,,,7705.0,9.11,15.0,7.0,162.0,7.0,-15.0,27.0,,5189959
38.7617,-121.0424,-2.0,-10.0,6.0,87.0,0.7,,,3335.0,5.17,10.0,8.0,266.0,5.0,-15.0,19.0,,5189960
38.7904,-121.127,3.0,31.0,14.0,690.0,2.0,,,4493.0,4.59,16.0,21.0,134.0,6.0,-15.0,19.0,,5189961
38.8259,-121.1246,2.0,22.0,10.0,500.0,1.2,,,3904.0,4.0,21.0,15.0,136.0,5.0,-15.0,17.0,,5189962
38.8228,-121.0925,9.0,31.0,14.0,465.0,2.5,,,5197.0,4.97,15.0,14.0,142.0,6.0,19.0,15.0,,5189963
38.8543,-121.097,14.0,41.0,21.0,720.0,4.0,,,5032.0,4.44,15.0,12.0,92.0,6.0,22.0,12.0,,5189964
38.861,-121.0744,2.0,20.0,8.0,306.0,0.7,,,8763.0,6.21,18.0,25.0,77.0,5.0,-15.0,27.0,,5189965
38.8522,-121.1301,4.0,23.0,10.0,599.0,1.3,,,4486.0,4.42,16.0,16.0,127.0,5.0,-15.0,17.0,,5189966
38.8724,-121.0953,-2.0,27.0,15.0,375.0,1.9,,,5223.0,5.34,129.0,9.0,46.0,6.0,15.0,17.0,,5189967
38.8737,-121.1237,9.0,34.0,16.0,755.0,2.6,,,4620.0,5.14,63.0,14.0,83.0,7.0,-15.0,15.0,,5189968
38.8296,-120.8938,3.0,13.0,7.0,303.0,0.7,,,3826.0,6.29,17.0,13.0,794.0,5.0,-15.0,20.0,,5189969
38.8503,-120.8436,6.0,29.0,16.0,314.0,2.3,,,2714.0,3.82,35.0,8.0,18.0,4.0,-15.0,13.0,,5189970
38.783,-120.8157,-2.0,30.0,15.0,347.0,2.3,,,2516.0,3.35,46.0,7.0,87.0,5.0,-15.0,11.0,,5189973
38.8134,-120.8205,5.0,19.0,10.0,329.0,1.1,,,2685.0,6.25,10.0,15.0,249.0,-4.0,-15.0,30.0,,5189974
38.8266,-120.7996,7.0,31.0,16.0,240.0,2.8,,,3570.0,2.51,45.0,10.0,101.0,7.0,-15.0,8.0,,5189975
38.8538,-120.7886,9.0,49.0,25.0,567.0,2.7,,,6849.0,5.01,43.0,22.0,87.0,15.0,-15.0,19.0,,5189976
38.8609,-120.7616,12.0,37.0,13.0,211.0,4.2,,,4897.0,2.75,65.0,6.0,51.0,12.0,-15.0,9.0,,5189977
38.8857,-120.7611,13.0,31.0,16.0,211.0,3.2,,,6605.0,2.73,66.0,5.0,50.0,13.0,-15.0,8.0,,5189978
38.908,-120.7734,10.0,44.0,20.0,245.0,4.3,,,9746.0,3.55,72.0,6.0,59.0,21.0,-15.0,9.0,,5189979
38.8938,-120.7968,16.0,42.0,12.0,222.0,6.0,,,4756.0,2.05,114.0,4.0,71.0,16.0,-15.0,11.0,,5189980
38.9239,-120.7765,9.0,37.0,18.0,309.0,4.4,,,5425.0,4.18,79.0,6.0,83.0,12.0,-15.0,11.0,,5189981
38.9351,-120.7931,7.0,45.0,24.0,329.0,5.2,,,7258.0,3.69,118.0,10.0,56.0,13.0,-15.0,8.0,,5189982
38.9643,-120.5963,,,,,,,,,,,,,,,,,5190044
38.9443,-120.765,-2.0,59.0,29.0,588.0,2.9,,,6671.0,6.69,141.0,10.0,81.0,9.0,25.0,20.0,,5189983
38.9464,-120.812,7.0,66.0,32.0,317.0,2.9,,,7131.0,4.39,56.0,18.0,80.0,23.0,-15.0,15.0,,5189984
38.9463,-120.8404,6.0,46.0,23.0,797.0,3.0,,,5890.0,5.67,109.0,12.0,70.0,10.0,-15.0,15.0,,5189985
38.9234,-120.85,3.0,14.0,14.0,495.0,1.7,,,2740.0,8.02,19.0,18.0,22.0,-4.0,-15.0,33.0,,5189986
38.9215,-120.8104,9.0,41.0,21.0,480.0,4.1,,,4987.0,3.33,65.0,6.0,122.0,11.0,-15.0,12.0,,5189987
38.8993,-120.8406,4.0,12.0,6.0,255.0,1.6,,,3296.0,4.83,20.0,4.0,31.0,4.0,-15.0,20.0,,5189988
38.8783,-120.8451,3.0,25.0,19.0,335.0,1.3,,,4185.0,5.44,23.0,16.0,142.0,6.0,-15.0,22.0,,5189989
38.7701,-120.9462,5.0,31.0,17.0,506.0,2.4,,,5526.0,5.74,52.0,15.0,143.0,7.0,-15.0,19.0,,5189990
38.7638,-120.9816,-2.0,-10.0,-2.0,253.0,0.4,,,4077.0,7.51,13.0,15.0,342.0,4.0,-15.0,25.0,,5189991
38.782,-120.9682,-2.0,-10.0,-2.0,128.0,0.2,,,1041.0,6.05,2.0,7.0,1580.0,-4.0,-15.0,12.0,,5189992
38.76,-120.9062,-2.0,20.0,12.0,214.0,2.4,,,3441.0,2.96,60.0,5.0,49.0,7.0,-15.0,7.0,,5189993
38.7743,-120.7982,3.0,31.0,17.0,591.0,2.2,,,4529.0,4.17,38.0,11.0,160.0,13.0,-15.0,12.0,,5189994
38.7924,-120.7835,2.0,19.0,10.0,609.0,1.4,,,3574.0,4.22,20.0,13.0,60.0,4.0,-15.0,13.0,,5189995
38.7607,-120.8462,5.0,41.0,30.0,319.0,3.0,,,4168.0,4.41,65.0,17.0,106.0,7.0,-15.0,14.0,,5189996
38.7766,-120.8699,2.0,30.0,16.0,1236.0,1.6,,,5469.0,5.08,34.0,11.0,336.0,11.0,-15.0,16.0,,5189997
38.8135,-120.9111,4.0,28.0,14.0,649.0,1.7,,,4354.0,4.2,17.0,13.0,97.0,6.0,-15.0,13.0,,5189998
38.8273,-120.9448,4.0,31.0,11.0,542.0,1.2,,,3999.0,4.73,14.0,15.0,123.0,7.0,-15.0,15.0,,5189999
38.8296,-120.9779,-2.0,45.0,22.0,543.0,1.2,,,6123.0,6.46,55.0,23.0,313.0,10.0,-15.0,20.0,,5190000
38.8927,-120.8642,-2.0,19.0,13.0,236.0,1.2,,,3871.0,5.49,15.0,10.0,8.0,4.0,-15.0,26.0,,5190001
38.9016,-120.8976,3.0,53.0,25.0,614.0,1.9,,,2895.0,4.37,45.0,16.0,18.0,4.0,-15.0,17.0,,5190002
38.9109,-120.9227,3.0,23.0,13.0,503.0,4.2,,,4388.0,3.97,101.0,17.0,123.0,7.0,-15.0,21.0,,5190003
38.9003,-120.9517,-2.0,-10.0,4.0,219.0,0.5,,,2969.0,6.12,14.0,10.0,1180.0,4.0,-15.0,14.0,,5190004
38.8981,-120.9889,3.0,25.0,15.0,2455.0,2.9,,,3873.0,5.39,58.0,23.0,109.0,7.0,16.0,18.0,,5190005
38.8861,-120.9431,4.0,17.0,8.0,404.0,0.8,,,3737.0,6.64,38.0,9.0,1154.0,6.0,-15.0,14.0,,5190006
38.9557,-120.929,5.0,55.0,33.0,887.0,2.8,,,3125.0,5.24,31.0,17.0,11.0,7.0,-15.0,24.0,,5190007
38.9444,-120.9096,9.0,60.0,35.0,687.0,1.8,,,3881.0,5.38,35.0,16.0,14.0,8.0,-15.0,23.0,,5190008
38.9311,-120.8949,13.0,53.0,32.0,499.0,5.0,,,4693.0,4.83,76.0,12.0,107.0,11.0,-15.0,11.0,,5190009
38.9538,-120.9688,14.0,52.0,27.0,524.0,3.0,,,5323.0,5.05,84.0,17.0,267.0,13.0,-15.0,15.0,,5190010
38.9814,-120.7869,9.0,27.0,14.0,471.0,5.0,,,4127.0,4.26,68.0,5.0,104.0,11.0,-15.0,8.0,,5190011
38.9742,-120.9526,11.0,35.0,20.0,640.0,2.5,,,10573.0,8.04,107.0,17.0,275.0,21.0,-15.0,23.0,,5190012
38.9914,-120.8644,14.0,24.0,14.0,281.0,3.5,,,4323.0,4.14,93.0,7.0,149.0,11.0,-15.0,19.0,,5190013
38.9752,-120.895,12.0,35.0,20.0,473.0,2.1,,,6682.0,7.33,163.0,9.0,64.0,8.0,-15.0,22.0,,5190014
38.9968,-120.8991,9.0,30.0,13.0,770.0,3.1,,,8013.0,7.52,157.0,9.0,92.0,11.0,-15.0,17.0,,5190015
38.9886,-120.9302,4.0,29.0,19.0,844.0,2.5,,,5207.0,7.46,62.0,14.0,128.0,7.0,-15.0,29.0,,5190016
38.9657,-120.782,17.0,110.0,63.0,545.0,4.5,,,3953.0,4.63,131.0,13.0,129.0,10.0,-15.0,17.0,,5190017
38.9893,-120.7551,4.0,56.0,32.0,840.0,,,,6775.0,6.28,133.0,12.0,63.0,10.0,-15.0,18.0,,5190018
38.7992,-120.8305,2.0,30.0,17.0,515.0,3.4,,,4148.0,4.32,58.0,10.0,100.0,8.0,-15.0,18.0,,5190019
38.803,-120.8531,6.0,26.0,15.0,547.0,1.8,,,5698.0,4.88,14.0,14.0,133.0,8.0,-15.0,15.0,,5190020
38.7942,-120.9114,11.0,38.0,26.0,839.0,3.0,,,4324.0,4.13,69.0,15.0,128.0,8.0,-15.0,15.0,,5190021
38.8742,-120.8701,5.0,36.0,20.0,209.0,2.4,,,3565.0,3.33,53.0,11.0,48.0,6.0,-15.0,13.0,,5190022
38.9885,-120.7369,11.0,30.0,17.0,629.0,4.4,,,7752.0,6.75,128.0,9.0,104.0,12.0,-15.0,13.0,,5190023
38.974,-120.7185,10.0,24.0,16.0,716.0,,,,6290.0,6.45,123.0,6.0,126.0,9.0,-15.0,13.0,,5190024
38.9745,-120.6934,24.0,101.0,42.0,381.0,5.0,,,3691.0,3.35,37.0,15.0,57.0,11.0,-15.0,11.0,,5190025
38.9549,-120.7131,6.0,42.0,24.0,301.0,3.7,,,2992.0,3.27,66.0,6.0,65.0,8.0,-15.0,10.0,,5190026
38.9215,-120.5172,2.0,26.0,14.0,663.0,1.3,,,4060.0,4.49,96.0,11.0,40.0,6.0,-15.0,12.0,,5190027
38.9046,-120.5255,-2.0,54.0,21.0,770.0,2.5,,,6054.0,6.16,143.0,10.0,64.0,9.0,-15.0,21.0,,5190028
38.9011,-120.5562,11.0,70.0,23.0,874.0,2.6,,,6128.0,5.59,136.0,11.0,59.0,10.0,-15.0,16.0,,5190029
38.9044,-120.5883,16.0,49.0,20.0,853.0,3.2,,,5076.0,4.83,93.0,11.0,57.0,9.0,20.0,16.0,,5190030
38.8983,-120.6171,117.0,222.0,61.0,316.0,13.2,,,4222.0,3.6,57.0,10.0,38.0,14.0,16.0,16.0,,5190031
38.9056,-120.6444,5.0,24.0,12.0,317.0,5.8,,,3894.0,3.22,36.0,2.0,33.0,12.0,-15.0,7.0,,5190032
38.9077,-120.672,35.0,95.0,51.0,579.0,11.2,,,4004.0,4.49,40.0,7.0,59.0,14.0,-15.0,25.0,,5190033
38.9249,-120.7013,11.0,41.0,21.0,514.0,4.7,,,2149.0,1.71,49.0,11.0,24.0,13.0,-15.0,5.0,,5190034
38.9418,-120.7364,5.0,47.0,27.0,768.0,3.1,,,6874.0,6.4,139.0,10.0,73.0,11.0,20.0,18.0,,5190035
38.9425,-120.5165,12.0,34.0,18.0,742.0,2.3,,,5175.0,5.97,21.0,21.0,69.0,10.0,-15.0,27.0,,5190036
38.9641,-120.5146,11.0,87.0,51.0,288.0,7.1,,,5798.0,5.34,133.0,33.0,58.0,16.0,-15.0,14.0,,5190037
38.972,-120.5383,4.0,35.0,19.0,652.0,4.9,,,6193.0,6.59,65.0,20.0,76.0,10.0,-15.0,23.0,,5190038
38.994,-120.5152,14.0,59.0,29.0,728.0,2.7,,,2284.0,1.9,52.0,13.0,32.0,14.0,-15.0,6.0,,5190039
38.9821,-120.568,7.0,67.0,30.0,756.0,2.2,,,8056.0,7.95,188.0,23.0,78.0,10.0,-15.0,28.0,,5190040
38.9891,-120.5873,8.0,44.0,31.0,399.0,5.6,,,5297.0,3.54,105.0,17.0,40.0,14.0,-15.0,10.0,,5190041
38.9916,-120.6137,14.0,39.0,25.0,196.0,4.6,,,5915.0,5.43,128.0,14.0,37.0,12.0,-15.0,14.0,,5190042
38.9657,-120.5611,,,,,,,,,,,,,,,,,5190043
38.9653,-120.6462,11.0,38.0,23.0,2017.0,2.8,,,6034.0,5.88,104.0,15.0,97.0,8.0,-15.0,16.0,,5190045
38.964,-120.6238,8.0,58.0,33.0,666.0,2.9,,,6347.0,6.45,153.0,14.0,62.0,8.0,-15.0,21.0,,5190046
38.9463,-120.5481,13.0,59.0,33.0,1158.0,2.4,,,4919.0,4.81,126.0,36.0,52.0,7.0,-15.0,20.0,,5190047
38.929,-120.5599,13.0,33.0,25.0,108.0,5.2,,,3785.0,2.46,97.0,11.0,25.0,10.0,-15.0,7.0,,5190048
38.7612,-120.5133,18.0,48.0,19.0,355.0,4.3,,,4735.0,4.1,120.0,5.0,46.0,14.0,-15.0,15.0,,5190049
38.7633,-120.5461,11.0,33.0,13.0,681.0,5.5,,,5739.0,4.85,52.0,8.0,55.0,11.0,-15.0,13.0,,5190050
38.7697,-120.5862,9.0,21.0,8.0,482.0,3.2,,,3277.0,2.69,32.0,10.0,64.0,11.0,-15.0,10.0,,5190051
38.7823,-120.6086,11.0,28.0,13.0,293.0,3.3,,,3778.0,2.83,50.0,4.0,55.0,12.0,-15.0,8.0,,5190052
38.9226,-120.744,16.0,57.0,28.0,371.0,4.8,,,3967.0,3.31,79.0,6.0,60.0,14.0,-15.0,12.0,,5190053
38.9054,-120.7255,15.0,60.0,19.0,446.0,4.5,,,6173.0,4.3,95.0,8.0,56.0,18.0,-15.0,11.0,,5190054
38.8849,-120.7106,,,,,,,,,,,,,,,,,5190055
38.9026,-120.6973,9.0,23.0,13.0,329.0,3.8,,,3661.0,2.65,43.0,3.0,54.0,15.0,-15.0,8.0,,5190056
38.9315,-120.6732,24.0,103.0,44.0,502.0,5.5,,,4931.0,4.2,61.0,19.0,77.0,20.0,-15.0,11.0,,5190057
38.8818,-120.6658,30.0,100.0,47.0,623.0,10.7,,,3783.0,4.05,28.0,16.0,47.0,12.0,-15.0,17.0,,5190058
38.8316,-120.6421,17.0,50.0,23.0,340.0,6.2,,,3382.0,3.52,32.0,10.0,30.0,9.0,-15.0,8.0,,5190059
38.8267,-120.5948,16.0,18.0,7.0,417.0,,,,5027.0,4.61,65.0,4.0,71.0,14.0,-15.0,11.0,,5190060
38.8033,-120.6209,14.0,43.0,16.0,265.0,5.3,,,4789.0,3.39,65.0,8.0,56.0,14.0,-15.0,10.0,,5190061
38.8036,-120.593,17.0,40.0,16.0,387.0,5.1,,,5587.0,3.83,54.0,6.0,63.0,18.0,-15.0,12.0,,5190062
38.8319,-120.5737,10.0,31.0,25.0,444.0,3.7,,,3986.0,2.92,48.0,14.0,53.0,11.0,-15.0,8.0,,5190063
38.8601,-120.5735,12.0,53.0,16.0,801.0,3.3,,,3840.0,3.49,61.0,7.0,67.0,12.0,-15.0,9.0,,5190064
38.8852,-120.592,9.0,41.0,17.0,690.0,2.5,,,8102.0,7.99,125.0,7.0,92.0,10.0,18.0,20.0,,5190065
38.8717,-120.6157,11.0,53.0,30.0,829.0,3.9,,,5092.0,5.23,90.0,18.0,65.0,9.0,-15.0,15.0,,5190066
38.8397,-120.707,2.0,30.0,17.0,402.0,3.8,,,2839.0,2.6,55.0,5.0,59.0,6.0,-15.0,9.0,,5190067
38.8574,-120.6946,21.0,93.0,35.0,658.0,4.1,,,3299.0,3.39,64.0,8.0,65.0,11.0,-15.0,10.0,,5190068
38.8284,-120.7221,17.0,48.0,18.0,349.0,4.2,,,5394.0,3.43,64.0,9.0,60.0,12.0,-15.0,10.0,,5190069
38.7703,-120.6411,8.0,33.0,20.0,540.0,4.0,,,6138.0,5.18,97.0,10.0,49.0,10.0,19.0,11.0,,5190070
38.7569,-120.6912,12.0,52.0,19.0,612.0,3.0,,,17921.0,10.54,40.0,19.0,411.0,28.0,-15.0,30.0,,5190071
38.7598,-120.7299,9.0,25.0,13.0,455.0,2.8,,,3965.0,3.78,29.0,13.0,51.0,7.0,-15.0,12.0,,5190072
38.797,-120.729,3.0,21.0,10.0,196.0,2.2,,,5418.0,5.15,34.0,13.0,114.0,7.0,-15.0,18.0,,5190073
38.797,-120.6932,12.0,52.0,17.0,313.0,4.4,,,2134.0,3.77,66.0,6.0,71.0,4.0,-15.0,13.0,,5190074
38.8201,-120.6838,6.0,41.0,22.0,589.0,4.4,,,2629.0,3.75,59.0,6.0,63.0,6.0,-15.0,10.0,,5190075
38.8312,-120.6689,15.0,23.0,8.0,230.0,4.0,,,3614.0,2.45,60.0,5.0,45.0,13.0,-15.0,6.0,,5190076
38.8512,-120.6543,15.0,26.0,16.0,561.0,,,,9862.0,5.96,38.0,7.0,63.0,19.0,-15.0,17.0,,5190077
38.7755,-120.4155,3.0,24.0,8.0,170.0,1.4,,,2796.0,4.11,9.0,15.0,65.0,11.0,-15.0,24.0,,5190083
38.7652,-120.4794,-2.0,66.0,25.0,3846.0,3.3,,,11341.0,7.21,16.0,24.0,194.0,24.0,-15.0,21.0,,5190084
38.7741,-120.4543,3.0,82.0,31.0,3326.0,1.5,,,18475.0,8.79,25.0,29.0,39.0,33.0,-15.0,22.0,,5190085
38.7993,-120.4226,2.0,45.0,19.0,1087.0,,,,5886.0,5.83,98.0,12.0,32.0,13.0,19.0,11.0,,5190087
38.8046,-120.4533,-2.0,45.0,16.0,970.0,2.4,,,8083.0,7.78,102.0,12.0,18.0,12.0,15.0,14.0,,5190088
38.7922,-120.4861,-2.0,54.0,17.0,1147.0,2.6,,,7355.0,7.19,115.0,15.0,33.0,11.0,-15.0,16.0,,5190089
38.8243,-120.48,-2.0,57.0,25.0,2096.0,2.4,,,4817.0,4.96,107.0,16.0,14.0,10.0,-15.0,11.0,,5190090
38.8249,-120.4561,-2.0,49.0,24.0,1286.0,2.3,,,5968.0,5.85,99.0,21.0,18.0,10.0,-15.0,13.0,,5190091
38.859,-120.4454,2.0,69.0,28.0,830.0,3.5,,,5971.0,5.59,113.0,20.0,30.0,13.0,16.0,13.0,,5190092
38.8587,-120.4194,8.0,68.0,27.0,642.0,5.0,,,6657.0,4.85,35.0,10.0,71.0,24.0,-15.0,13.0,,5190093
38.8353,-120.4155,9.0,83.0,45.0,407.0,3.8,,,5007.0,4.62,59.0,20.0,148.0,15.0,-15.0,13.0,,5190094
38.9427,-120.4258,12.0,55.0,17.0,796.0,4.2,,,3857.0,3.61,49.0,15.0,83.0,10.0,-15.0,12.0,,5190114
38.945,-120.4502,16.0,68.0,22.0,440.0,3.9,,,5224.0,4.21,55.0,6.0,59.0,16.0,-15.0,12.0,,5190115
38.9444,-120.4752,7.0,47.0,18.0,205.0,4.6,,,4680.0,3.34,55.0,6.0,54.0,15.0,-15.0,10.0,,5190116
38.9166,-120.4806,6.0,61.0,24.0,320.0,3.4,,,4572.0,3.51,48.0,6.0,54.0,15.0,-15.0,10.0,,5190117
38.9103,-120.4627,3.0,31.0,10.0,181.0,2.7,,,3988.0,2.53,40.0,3.0,40.0,9.0,-15.0,8.0,,5190118
38.8911,-120.4736,-2.0,45.0,14.0,274.0,3.3,,,4607.0,3.35,43.0,4.0,51.0,13.0,-15.0,10.0,,5190119
38.8992,-120.4431,9.0,71.0,32.0,638.0,6.4,,,5090.0,4.31,39.0,9.0,74.0,17.0,-15.0,12.0,,5190120
38.9239,-120.436,10.0,55.0,25.0,412.0,4.5,,,4309.0,3.44,29.0,8.0,55.0,13.0,-15.0,10.0,,5190121
38.8948,-120.4232,-2.0,55.0,25.0,871.0,5.8,,,5492.0,4.78,27.0,14.0,47.0,17.0,-15.0,15.0,,5190122
38.9806,-120.4243,3.0,51.0,24.0,944.0,1.9,,,4431.0,4.95,93.0,15.0,75.0,9.0,-15.0,14.0,,5190126
38.9789,-120.4432,5.0,46.0,18.0,790.0,3.1,,,2887.0,2.85,25.0,11.0,25.0,9.0,-15.0,9.0,,5190127
38.606,-121.5287,11.0,31.0,16.0,642.0,2.2,,,4276.0,4.06,41.0,14.0,130.0,7.0,16.0,14.0,,5190238
38.5361,-121.5231,9.0,22.0,11.0,566.0,1.7,,,3627.0,3.42,39.0,11.0,111.0,6.0,-15.0,13.0,,5190239
38.5922,-121.5494,4.0,17.0,11.0,534.0,1.7,,,3213.0,3.19,38.0,10.0,110.0,6.0,-15.0,12.0,,5190240
38.6272,-121.5244,-2.0,24.0,14.0,582.0,2.2,,,4210.0,4.35,60.0,16.0,125.0,6.0,-15.0,17.0,,5190241
38.6273,-121.5496,6.0,34.0,19.0,638.0,3.2,,,4519.0,4.27,60.0,17.0,133.0,8.0,-15.0,19.0,,5190242
38.6557,-121.5553,4.0,18.0,10.0,597.0,1.9,,,3522.0,3.1,39.0,12.0,90.0,6.0,-15.0,12.0,,5190243
38.6553,-121.5245,2.0,26.0,12.0,517.0,1.7,,,3805.0,3.23,45.0,15.0,94.0,7.0,-15.0,12.0,,5190244
38.6707,-121.5117,6.0,31.0,17.0,520.0,3.0,,,3940.0,3.94,49.0,15.0,108.0,6.0,-15.0,16.0,,5190245
38.7149,-121.5199,2.0,27.0,13.0,391.0,1.7,,,3171.0,2.9,35.0,12.0,73.0,7.0,-15.0,12.0,,5190246
38.7382,-121.5202,4.0,22.0,12.0,117.0,1.6,,,3442.0,2.98,43.0,11.0,72.0,9.0,-15.0,11.0,,5190247
38.7139,-121.5616,8.0,27.0,13.0,284.0,1.7,,,4146.0,3.42,45.0,13.0,123.0,8.0,-15.0,13.0,,5190248
38.7366,-121.5639,6.0,27.0,13.0,283.0,1.6,,,3789.0,3.58,46.0,15.0,112.0,6.0,-15.0,14.0,,5190249
38.714,-121.5904,3.0,27.0,14.0,540.0,1.9,,,3839.0,3.71,53.0,15.0,106.0,6.0,-15.0,13.0,,5190250
38.7381,-121.5992,6.0,25.0,13.0,395.0,1.7,,,4227.0,3.56,41.0,13.0,119.0,8.0,-15.0,14.0,,5190251
38.7011,-121.6215,-2.0,34.0,14.0,525.0,2.0,,,4687.0,4.62,35.0,13.0,160.0,6.0,-15.0,14.0,,5190252
38.6732,-121.6111,2.0,27.0,15.0,559.0,2.4,,,4129.0,4.22,49.0,15.0,140.0,7.0,-15.0,17.0,,5190253
38.6797,-121.5891,8.0,23.0,14.0,302.0,2.0,,,3767.0,2.83,37.0,11.0,93.0,6.0,-15.0,10.0,,5190254
38.686,-121.5655,4.0,21.0,11.0,324.0,1.7,,,3772.0,3.1,44.0,13.0,103.0,6.0,-15.0,12.0,,5190255
38.6532,-121.5996,8.0,24.0,12.0,479.0,1.8,,,5131.0,4.91,40.0,14.0,184.0,8.0,-15.0,15.0,,5190256
38.5741,-121.657,11.0,33.0,15.0,613.0,2.4,,,3660.0,4.32,45.0,12.0,137.0,8.0,-15.0,13.0,,5190257
38.5667,-121.6922,10.0,29.0,13.0,546.0,1.8,,,3692.0,3.76,50.0,12.0,139.0,7.0,-15.0,12.0,,5190258
38.5381,-121.6938,5.0,25.0,12.0,755.0,2.0,,,3579.0,4.0,50.0,13.0,145.0,6.0,-15.0,13.0,,5190259
38.5082,-121.6941,5.0,25.0,12.0,348.0,1.5,,,3033.0,2.78,37.0,9.0,121.0,6.0,-15.0,9.0,,5190260
38.5171,-121.6481,4.0,22.0,12.0,515.0,1.7,,,3440.0,3.95,47.0,12.0,167.0,6.0,-15.0,12.0,,5190261
38.5518,-121.6646,3.0,21.0,11.0,411.0,1.7,,,3415.0,3.67,45.0,12.0,144.0,6.0,-15.0,11.0,,5190263
38.6045,-121.6922,8.0,29.0,13.0,412.0,1.7,,,2963.0,2.92,38.0,10.0,109.0,6.0,-15.0,9.0,,5190267
38.6481,-121.6958,-2.0,21.0,8.0,505.0,1.8,,,2292.0,2.44,30.0,7.0,76.0,5.0,-15.0,7.0,,5190269
38.7346,-121.6971,7.0,16.0,7.0,596.0,1.7,,,2865.0,3.21,34.0,7.0,100.0,5.0,-15.0,8.0,,5190273
38.6761,-121.638,-2.0,10.0,6.0,569.0,1.7,,,3071.0,3.19,34.0,8.0,95.0,4.0,-15.0,9.0,,5190275
38.5123,-121.5631,-2.0,18.0,11.0,497.0,2.5,,,2845.0,2.71,37.0,8.0,76.0,6.0,-15.0,9.0,,5190276
38.5348,-121.5668,-2.0,14.0,8.0,734.0,2.8,,,3362.0,3.94,47.0,9.0,125.0,6.0,-15.0,12.0,,5190277
38.5739,-121.5574,4.0,19.0,9.0,541.0,1.9,,,3231.0,3.83,39.0,9.0,104.0,6.0,-15.0,10.0,,5190278
38.5889,-121.5844,-2.0,10.0,6.0,539.0,1.8,,,3216.0,3.61,33.0,9.0,110.0,5.0,-15.0,11.0,,5190279
38.5574,-121.6279,-2.0,15.0,7.0,248.0,1.3,,,1866.0,1.59,21.0,6.0,58.0,5.0,-15.0,5.0,,5190280
38.693,-121.6347,-2.0,-10.0,5.0,502.0,1.6,,,3041.0,2.78,31.0,7.0,87.0,4.0,-15.0,9.0,,5190281
38.7025,-121.5385,2.0,19.0,9.0,302.0,1.8,,,3052.0,2.85,35.0,8.0,72.0,6.0,-15.0,9.0,,5190282
38.6124,-121.5914,5.0,21.0,9.0,587.0,2.2,,,3083.0,3.59,42.0,8.0,106.0,7.0,-15.0,9.0,,5190283
38.5394,-121.4436,-2.0,16.0,9.0,465.0,2.4,,,2904.0,2.53,35.0,8.0,52.0,6.0,-15.0,8.0,,5190284
38.5408,-121.4776,2.0,16.0,10.0,334.0,2.3,,,3066.0,2.57,36.0,8.0,70.0,7.0,-15.0,8.0,,5190285
38.5099,-121.4814,4.0,14.0,8.0,375.0,1.8,,,2920.0,2.91,43.0,6.0,72.0,6.0,-15.0,7.0,,5190286
38.5106,-121.4444,5.0,26.0,10.0,175.0,2.3,,,2905.0,1.94,34.0,7.0,46.0,6.0,-15.0,7.0,,5190287
38.5102,-121.4081,-2.0,22.0,10.0,358.0,2.5,,,3023.0,2.52,34.0,8.0,48.0,7.0,-15.0,8.0,,5190288
38.5394,-121.4084,8.0,22.0,12.0,575.0,2.2,,,3254.0,3.33,43.0,8.0,95.0,7.0,-15.0,9.0,,5190289
38.5645,-121.4392,4.0,21.0,10.0,445.0,2.5,,,3337.0,2.93,39.0,9.0,78.0,7.0,-15.0,9.0,,5190290
38.5758,-121.4803,4.0,26.0,13.0,713.0,2.8,,,3156.0,3.46,41.0,9.0,91.0,7.0,-15.0,10.0,,5190291
38.6082,-121.4837,2.0,18.0,9.0,801.0,2.3,,,2887.0,3.11,33.0,8.0,84.0,6.0,-15.0,9.0,,5190292
38.6095,-121.4401,3.0,19.0,10.0,141.0,2.6,,,3045.0,1.72,41.0,7.0,43.0,6.0,-15.0,6.0,,5190293
38.6037,-121.4094,2.0,24.0,11.0,584.0,2.8,,,2968.0,2.4,43.0,7.0,55.0,6.0,-15.0,8.0,,5190294
38.5747,-121.4103,2.0,24.0,13.0,615.0,2.7,,,3540.0,3.83,44.0,10.0,94.0,7.0,-15.0,11.0,,5190295
38.6236,-121.4053,-2.0,21.0,9.0,308.0,2.9,,,3200.0,2.05,38.0,8.0,49.0,8.0,-15.0,6.0,,5190296
38.6266,-121.4447,4.0,24.0,10.0,188.0,3.0,,,3400.0,2.19,38.0,9.0,53.0,8.0,-15.0,8.0,,5190297
38.6281,-121.4838,8.0,31.0,15.0,352.0,2.9,,,3386.0,3.49,43.0,10.0,92.0,7.0,-15.0,11.0,,5190298
38.6494,-121.4746,-2.0,12.0,8.0,188.0,2.4,,,3153.0,2.24,37.0,8.0,54.0,6.0,-15.0,8.0,,5190299
38.6764,-121.4841,-2.0,21.0,9.0,187.0,2.1,,,3063.0,1.97,33.0,10.0,49.0,7.0,-15.0,9.0,,5190300
38.7024,-121.4845,2.0,16.0,7.0,306.0,1.7,,,2844.0,2.17,27.0,7.0,53.0,6.0,-15.0,8.0,,5190301
38.7329,-121.483,8.0,19.0,9.0,376.0,1.7,,,2931.0,2.32,30.0,8.0,58.0,6.0,-15.0,8.0,,5190302
38.7363,-121.4505,6.0,23.0,11.0,217.0,2.0,,,2994.0,2.23,29.0,10.0,55.0,6.0,-15.0,9.0,,5190303
38.5102,-121.3755,5.0,19.0,11.0,128.0,3.0,,,3062.0,1.82,45.0,7.0,51.0,6.0,-15.0,6.0,,5190304
38.5106,-121.3437,10.0,19.0,8.0,172.0,1.9,,,1951.0,1.27,25.0,4.0,30.0,4.0,-15.0,4.0,,5190305
38.5107,-121.3087,6.0,26.0,13.0,343.0,2.3,,,3761.0,2.67,40.0,10.0,72.0,7.0,-15.0,9.0,,5190306
38.5114,-121.2684,4.0,28.0,12.0,505.0,2.1,,,2840.0,2.82,35.0,9.0,73.0,7.0,-15.0,9.0,,5190307
38.6016,-121.266,4.0,25.0,13.0,461.0,2.5,,,3309.0,3.43,40.0,10.0,81.0,8.0,-15.0,11.0,,5190308
38.5742,-121.3028,5.0,31.0,15.0,370.0,2.9,,,3646.0,3.15,49.0,9.0,70.0,7.0,-15.0,9.0,,5190309
38.5708,-121.3395,4.0,21.0,12.0,491.0,2.4,,,2994.0,3.22,37.0,9.0,69.0,7.0,-15.0,10.0,,5190310
38.5411,-121.3205,4.0,22.0,12.0,245.0,2.0,,,2867.0,2.76,39.0,8.0,67.0,5.0,-15.0,8.0,,5190311
38.5336,-121.3503,5.0,16.0,7.0,144.0,2.0,,,2573.0,1.69,32.0,5.0,49.0,4.0,-15.0,5.0,,5190312
38.547,-121.3719,7.0,26.0,14.0,378.0,2.5,,,3428.0,3.74,46.0,10.0,88.0,6.0,-15.0,11.0,,5190313
38.5747,-121.3662,5.0,22.0,11.0,352.0,2.3,,,3364.0,2.95,35.0,9.0,85.0,6.0,-15.0,10.0,,5190314
38.605,-121.3806,3.0,16.0,11.0,228.0,2.8,,,3016.0,2.33,45.0,9.0,39.0,5.0,-15.0,8.0,,5190315
38.5965,-121.3451,10.0,26.0,15.0,306.0,2.9,,,3365.0,3.04,42.0,11.0,51.0,7.0,-15.0,10.0,,5190316
38.6264,-121.3454,-2.0,12.0,8.0,159.0,2.1,,,2511.0,1.62,31.0,7.0,33.0,6.0,-15.0,6.0,,5190317
38.629,-121.3731,4.0,32.0,15.0,269.0,2.6,,,3156.0,2.44,44.0,10.0,51.0,8.0,-15.0,8.0,,5190318
38.647,-121.41,-2.0,19.0,10.0,115.0,2.5,,,3110.0,1.61,43.0,7.0,37.0,6.0,-15.0,6.0,,5190319
38.6482,-121.4471,-2.0,13.0,8.0,68.0,1.8,,,2436.0,1.2,30.0,7.0,30.0,5.0,-15.0,5.0,,5190320
38.6842,-121.4402,6.0,22.0,11.0,249.0,2.2,,,3531.0,2.69,35.0,10.0,68.0,7.0,-15.0,10.0,,5190321
38.7018,-121.4466,13.0,21.0,9.0,138.0,2.1,,,3742.0,2.42,32.0,9.0,59.0,6.0,-15.0,9.0,,5190322
38.6761,-121.4099,6.0,30.0,14.0,245.0,4.7,,,4968.0,2.55,58.0,11.0,47.0,11.0,-15.0,9.0,,5190323
38.7049,-121.4083,12.0,35.0,18.0,139.0,3.0,,,3500.0,2.26,49.0,11.0,44.0,9.0,-15.0,9.0,,5190324
38.7366,-121.4091,9.0,26.0,12.0,397.0,2.0,,,3489.0,2.45,34.0,10.0,57.0,7.0,-15.0,10.0,,5190325
38.7287,-121.3784,5.0,23.0,12.0,180.0,2.1,,,2752.0,2.27,32.0,9.0,39.0,7.0,-15.0,8.0,,5190326
38.7292,-121.3448,5.0,23.0,12.0,160.0,2.2,,,2685.0,1.89,38.0,8.0,29.0,7.0,-15.0,7.0,,5190327
38.7364,-121.306,5.0,18.0,8.0,647.0,1.6,,,3405.0,2.92,27.0,11.0,69.0,6.0,-15.0,12.0,,5190328
38.7346,-121.2714,4.0,21.0,10.0,169.0,1.8,,,2817.0,2.39,25.0,10.0,52.0,5.0,-15.0,9.0,,5190329
38.7071,-121.2718,-2.0,22.0,13.0,159.0,2.8,,,3525.0,2.75,43.0,10.0,40.0,8.0,-15.0,10.0,,5190330
38.7068,-121.3005,5.0,23.0,18.0,273.0,2.7,,,3471.0,3.44,52.0,13.0,53.0,7.0,15.0,11.0,,5190331
38.7031,-121.3416,6.0,19.0,10.0,207.0,3.5,,,4995.0,3.36,50.0,12.0,71.0,9.0,-15.0,11.0,,5190332
38.7043,-121.3723,9.0,16.0,10.0,109.0,2.7,,,3850.0,2.38,46.0,10.0,60.0,6.0,-15.0,9.0,,5190333
38.6783,-121.3729,12.0,27.0,14.0,214.0,2.7,,,3159.0,2.71,41.0,10.0,43.0,7.0,-15.0,9.0,,5190334
38.6481,-121.3664,10.0,29.0,16.0,197.0,2.8,,,3353.0,2.62,49.0,11.0,42.0,7.0,-15.0,9.0,,5190335
38.646,-121.3421,10.0,23.0,13.0,276.0,3.4,,,4425.0,3.36,50.0,11.0,66.0,9.0,-15.0,10.0,,5190336
38.6719,-121.3454,16.0,40.0,20.0,321.0,2.5,,,3165.0,3.24,53.0,12.0,45.0,7.0,-15.0,11.0,,5190337
38.6777,-121.3102,5.0,27.0,16.0,154.0,3.1,,,3689.0,2.62,47.0,11.0,38.0,9.0,-15.0,9.0,,5190338
38.6785,-121.2757,-2.0,23.0,15.0,176.0,3.6,,,4507.0,3.19,47.0,12.0,41.0,9.0,-15.0,10.0,,5190339
38.6444,-121.2734,10.0,31.0,16.0,169.0,3.5,,,4189.0,3.42,48.0,11.0,46.0,9.0,-15.0,9.0,,5190340
38.6454,-121.312,6.0,19.0,11.0,229.0,2.4,,,2833.0,2.16,33.0,8.0,33.0,8.0,-15.0,7.0,,5190341
38.6016,-121.3114,10.0,29.0,13.0,566.0,3.1,,,3863.0,3.59,43.0,10.0,89.0,8.0,-15.0,12.0,,5190342
38.577,-121.2596,14.0,23.0,10.0,222.0,2.1,,,3456.0,3.41,37.0,8.0,79.0,6.0,-15.0,12.0,,5190343
38.6268,-121.272,8.0,25.0,11.0,439.0,1.9,,,3499.0,3.37,33.0,9.0,102.0,7.0,-15.0,11.0,,5190344
38.6203,-121.2989,4.0,26.0,13.0,605.0,2.9,,,3876.0,3.72,41.0,10.0,98.0,9.0,-15.0,12.0,,5190345
38.6472,-121.2352,9.0,32.0,18.0,346.0,3.0,,,3575.0,3.44,41.0,11.0,59.0,7.0,-15.0,10.0,,5190346
38.6553,-121.203,-2.0,21.0,12.0,300.0,2.0,,,3413.0,3.07,35.0,10.0,78.0,6.0,-15.0,11.0,,5190347
38.6783,-121.1922,-2.0,34.0,18.0,528.0,2.0,,,4706.0,5.49,61.0,14.0,124.0,7.0,-15.0,17.0,,5190348
38.6795,-121.2351,7.0,19.0,11.0,183.0,1.7,,,2038.0,1.86,22.0,8.0,33.0,6.0,-15.0,8.0,,5190349
38.7072,-121.2236,6.0,31.0,16.0,313.0,2.9,,,3531.0,3.12,43.0,10.0,54.0,6.0,-15.0,10.0,,5190350
38.7353,-121.2265,5.0,32.0,15.0,270.0,3.6,,,3500.0,2.58,29.0,11.0,61.0,7.0,-15.0,9.0,,5190351
38.7351,-121.2007,2.0,21.0,12.0,376.0,,,,1902.0,1.96,12.0,9.0,18.0,-4.0,-15.0,6.0,,5190352
38.7335,-121.1702,9.0,19.0,10.0,337.0,1.7,,,2025.0,1.7,12.0,4.0,20.0,5.0,-15.0,5.0,,5190353
38.7081,-121.1672,-2.0,19.0,9.0,269.0,1.3,,,1868.0,2.18,11.0,10.0,25.0,5.0,-15.0,8.0,,5190354
38.7058,-121.1924,-2.0,-10.0,5.0,296.0,1.1,,,2846.0,3.62,22.0,11.0,140.0,-4.0,-15.0,15.0,,5190355
38.6722,-121.1629,8.0,23.0,10.0,520.0,1.8,,,3789.0,4.6,32.0,10.0,121.0,4.0,-15.0,18.0,,5190356
38.6502,-121.1637,8.0,22.0,10.0,268.0,,,,2928.0,2.04,30.0,6.0,53.0,5.0,-15.0,7.0,,5190357
38.6272,-121.1505,5.0,18.0,11.0,265.0,2.3,,,4216.0,3.89,36.0,12.0,118.0,4.0,-15.0,13.0,,5190358
38.6417,-121.132,4.0,26.0,14.0,568.0,1.8,,,2955.0,3.75,46.0,9.0,107.0,4.0,-15.0,14.0,,5190359
38.6439,-121.0937,-2.0,10.0,4.0,551.0,0.8,,,3509.0,4.81,17.0,12.0,131.0,4.0,-15.0,24.0,,5190360
38.6494,-121.0585,-2.0,11.0,5.0,238.0,0.6,,,4872.0,5.23,16.0,19.0,81.0,5.0,-15.0,29.0,,5190361
38.6617,-121.1337,-2.0,12.0,6.0,275.0,0.8,,,2525.0,3.67,12.0,11.0,157.0,-4.0,-15.0,22.0,,5190362
38.6807,-121.1228,5.0,26.0,12.0,217.0,1.6,,,2813.0,3.32,25.0,14.0,86.0,7.0,-15.0,21.0,,5190363
38.699,-121.1122,-2.0,23.0,11.0,205.0,1.2,,,3441.0,4.56,11.0,15.0,76.0,-4.0,-15.0,21.0,,5190364
38.7097,-121.0912,2.0,-10.0,4.0,248.0,0.7,,,2487.0,5.15,12.0,12.0,151.0,-4.0,-15.0,30.0,,5190365
38.7308,-121.0895,-2.0,47.0,25.0,505.0,1.5,,,2482.0,5.19,10.0,10.0,123.0,6.0,-15.0,23.0,,5190366
38.7306,-121.0523,-2.0,22.0,8.0,989.0,0.4,,,5219.0,6.92,10.0,12.0,1008.0,9.0,-15.0,13.0,,5190367
38.7125,-121.0583,4.0,14.0,5.0,462.0,0.4,,,7658.0,6.28,8.0,20.0,95.0,6.0,-15.0,23.0,,5190368
38.7086,-121.0205,-2.0,12.0,6.0,869.0,0.5,,,6240.0,8.18,17.0,11.0,61.0,5.0,16.0,27.0,,5190369
38.7358,-121.0161,-2.0,-10.0,-2.0,421.0,0.2,,,4111.0,6.92,5.0,6.0,13.0,-4.0,-15.0,18.0,,5190370
38.5932,-121.2244,3.0,28.0,14.0,583.0,2.0,,,4251.0,5.03,40.0,13.0,120.0,8.0,-15.0,19.0,,5190371
38.5947,-121.1955,9.0,26.0,14.0,599.0,1.7,,,3799.0,3.84,42.0,12.0,89.0,7.0,-15.0,14.0,,5190372
38.5737,-121.1871,8.0,39.0,20.0,318.0,3.2,,,4397.0,3.3,52.0,13.0,74.0,8.0,-15.0,10.0,,5190373
38.5601,-121.2242,8.0,34.0,17.0,368.0,2.8,,,3664.0,2.54,49.0,10.0,57.0,6.0,-15.0,8.0,,5190374
38.5407,-121.2244,2.0,15.0,8.0,194.0,2.4,,,2867.0,1.55,29.0,5.0,42.0,5.0,-15.0,5.0,,5190375
38.5261,-121.229,2.0,14.0,8.0,111.0,2.6,,,3683.0,1.68,29.0,6.0,44.0,6.0,-15.0,6.0,,5190376
38.5059,-121.2379,3.0,21.0,11.0,176.0,3.2,,,3278.0,1.68,41.0,6.0,39.0,6.0,-15.0,6.0,,5190377
38.5444,-121.1839,3.0,27.0,13.0,239.0,2.8,,,4099.0,2.13,50.0,7.0,58.0,6.0,-15.0,6.0,,5190378
38.5136,-121.1923,2.0,25.0,13.0,267.0,3.1,,,4504.0,3.04,57.0,9.0,76.0,6.0,-15.0,9.0,,5190379
38.5132,-121.1344,3.0,39.0,21.0,208.0,4.4,,,4859.0,2.36,66.0,20.0,35.0,9.0,-15.0,8.0,,5190380
38.5187,-121.1,9.0,29.0,13.0,193.0,3.6,,,3595.0,2.43,51.0,7.0,36.0,7.0,-15.0,6.0,,5190381
38.5399,-121.1028,6.0,29.0,15.0,386.0,0.9,,,5236.0,3.62,53.0,49.0,28.0,-4.0,-15.0,17.0,,5190382
38.5565,-121.1241,3.0,19.0,9.0,118.0,1.7,,,4460.0,1.83,39.0,9.0,39.0,5.0,-15.0,9.0,,5190383
38.6711,-121.0884,-2.0,-10.0,5.0,365.0,0.7,,,3229.0,4.21,17.0,11.0,81.0,5.0,-15.0,20.0,,5190384
38.6814,-121.07,-2.0,-10.0,2.0,219.0,0.3,,,2908.0,4.47,11.0,17.0,278.0,-4.0,-15.0,29.0,,5190385
38.6619,-121.0427,2.0,19.0,6.0,382.0,0.7,,,5281.0,6.27,16.0,21.0,92.0,4.0,-15.0,30.0,,5190386
38.6755,-121.0164,-2.0,-10.0,-2.0,171.0,0.7,,,1759.0,8.96,10.0,6.0,2759.0,5.0,-15.0,15.0,,5190387
38.6442,-121.0114,2.0,28.0,14.0,716.0,1.3,,,9059.0,5.79,20.0,20.0,185.0,13.0,-15.0,21.0,,5190388
38.6265,-121.0585,-2.0,-10.0,4.0,284.0,0.8,,,2048.0,3.14,17.0,12.0,17.0,-4.0,-15.0,18.0,,5190389
38.6058,-121.0574,-2.0,11.0,6.0,370.0,2.6,,,2986.0,2.82,66.0,7.0,55.0,7.0,-15.0,9.0,,5190390
38.5977,-121.0193,-2.0,14.0,9.0,619.0,1.0,,,3284.0,5.04,16.0,14.0,69.0,-4.0,-15.0,23.0,,5190391
38.5504,-121.0198,6.0,26.0,14.0,338.0,1.2,,,3385.0,3.89,29.0,10.0,86.0,7.0,-15.0,15.0,,5190392
38.5699,-121.0233,-2.0,-10.0,3.0,104.0,1.1,,,1871.0,2.45,13.0,7.0,120.0,-4.0,-15.0,10.0,,5190393
38.5143,-121.0478,-2.0,11.0,5.0,357.0,0.9,,,3718.0,3.84,18.0,11.0,16.0,-4.0,17.0,14.0,,5190394
38.541,-121.0559,-2.0,-10.0,2.0,180.0,0.8,,,2372.0,3.84,15.0,11.0,84.0,-4.0,-15.0,22.0,,5190395
38.6272,-121.0935,3.0,23.0,12.0,521.0,1.6,,,3130.0,3.43,42.0,13.0,87.0,4.0,-15.0,14.0,,5190396
38.614,-121.0753,-2.0,18.0,10.0,576.0,1.8,,,2697.0,3.28,44.0,11.0,70.0,4.0,-15.0,13.0,,5190397
38.6227,-121.2313,6.0,29.0,15.0,363.0,2.3,,,3189.0,3.19,35.0,10.0,79.0,6.0,-15.0,11.0,,5190398
38.6313,-121.2082,3.0,38.0,17.0,459.0,2.3,,,3294.0,4.21,41.0,12.0,90.0,8.0,-15.0,15.0,,5190399
38.6111,-121.1568,4.0,23.0,13.0,175.0,2.8,,,4270.0,2.84,53.0,8.0,50.0,6.0,-15.0,8.0,,5190400
38.594,-121.1614,2.0,22.0,13.0,259.0,3.2,,,5299.0,4.16,72.0,10.0,56.0,6.0,-15.0,11.0,,5190401
38.5978,-121.1295,12.0,40.0,17.0,451.0,3.4,,,5817.0,3.34,52.0,9.0,63.0,8.0,-15.0,12.0,,5190402
38.5717,-121.1282,-2.0,26.0,14.0,330.0,3.8,,,4139.0,1.74,31.0,7.0,32.0,8.0,-15.0,5.0,,5190403
38.6197,-121.1266,3.0,24.0,12.0,333.0,2.3,,,2575.0,1.82,41.0,5.0,38.0,5.0,-15.0,6.0,,5190404
38.7382,-120.7776,-2.0,37.0,19.0,263.0,2.3,,,5130.0,4.04,27.0,18.0,97.0,10.0,-15.0,12.0,,5190405
38.7066,-120.761,-2.0,23.0,13.0,589.0,2.5,,,2981.0,2.84,34.0,9.0,103.0,4.0,-15.0,10.0,,5190406
38.7034,-120.8113,-2.0,-10.0,8.0,134.0,1.8,,,2692.0,1.68,32.0,4.0,52.0,4.0,-15.0,5.0,,5190407
38.6762,-120.7726,3.0,-10.0,4.0,149.0,1.8,,,2262.0,1.63,26.0,3.0,30.0,-4.0,-15.0,7.0,,5190408
38.6419,-120.7836,7.0,16.0,8.0,291.0,4.9,,,1819.0,1.68,34.0,4.0,14.0,10.0,-15.0,4.0,,5190409
38.6558,-120.7998,3.0,17.0,9.0,196.0,3.5,,,2609.0,2.35,41.0,5.0,27.0,6.0,-15.0,7.0,,5190410
38.6766,-120.8146,-2.0,17.0,9.0,184.0,1.5,,,2215.0,1.86,33.0,5.0,61.0,8.0,-15.0,4.0,,5190411
38.6751,-120.8502,2.0,17.0,10.0,506.0,1.6,,,4899.0,4.54,53.0,14.0,55.0,7.0,-15.0,14.0,,5190412
38.6451,-120.8505,4.0,25.0,13.0,432.0,2.1,,,5881.0,5.09,65.0,17.0,68.0,6.0,-15.0,16.0,,5190413
38.6568,-120.8638,8.0,43.0,23.0,378.0,3.3,,,2775.0,3.26,64.0,13.0,68.0,8.0,-15.0,10.0,,5190414
38.7414,-120.8146,12.0,23.0,12.0,599.0,1.8,,,4857.0,4.7,44.0,10.0,67.0,7.0,-15.0,13.0,,5190415
38.74,-120.851,-2.0,14.0,12.0,501.0,2.1,,,2910.0,2.64,32.0,6.0,66.0,6.0,-15.0,6.0,,5190416
38.7204,-120.8679,6.0,22.0,14.0,297.0,2.2,,,3355.0,3.46,59.0,11.0,60.0,6.0,-15.0,11.0,,5190417
38.7087,-120.8492,5.0,22.0,12.0,159.0,2.8,,,3151.0,2.18,31.0,2.0,56.0,10.0,-15.0,5.0,,5190418
38.6833,-120.8653,-2.0,12.0,6.0,530.0,1.2,,,5070.0,5.52,41.0,9.0,140.0,5.0,-15.0,19.0,,5190419
38.7393,-120.9311,-2.0,-10.0,2.0,748.0,0.9,,,2744.0,7.42,10.0,8.0,899.0,-4.0,-15.0,10.0,,5190420
38.7167,-120.9164,-2.0,-10.0,2.0,278.0,0.8,,,1647.0,7.65,12.0,5.0,1261.0,4.0,-15.0,9.0,,5190421
38.708,-120.8883,7.0,27.0,15.0,1494.0,1.8,,,2925.0,3.27,42.0,11.0,67.0,5.0,-15.0,11.0,,5190422
38.7255,-120.8982,6.0,19.0,10.0,282.0,1.1,,,4597.0,5.38,56.0,9.0,487.0,6.0,-15.0,14.0,,5190423
38.7077,-120.9439,5.0,-10.0,3.0,278.0,0.7,,,5380.0,5.12,21.0,18.0,216.0,-4.0,-15.0,21.0,,5190424
38.739,-120.9736,-2.0,-10.0,-2.0,299.0,0.5,,,5661.0,7.55,19.0,10.0,44.0,-4.0,-15.0,28.0,,5190425
38.7052,-120.9773,-2.0,-10.0,-2.0,135.0,0.5,,,6729.0,8.49,14.0,10.0,32.0,-4.0,-15.0,32.0,,5190426
38.6721,-120.9432,-2.0,-10.0,4.0,437.0,0.6,,,7350.0,9.84,22.0,18.0,34.0,6.0,22.0,33.0,,5190427
38.68,-120.9776,-2.0,-10.0,-2.0,81.0,0.4,,,5423.0,9.31,10.0,8.0,24.0,4.0,-15.0,45.0,,5190428
38.6427,-120.991,-2.0,-10.0,-2.0,59.0,0.2,,,1605.0,3.32,4.0,5.0,518.0,-4.0,-15.0,19.0,,5190429
38.6511,-120.9386,-2.0,-10.0,-2.0,155.0,0.4,,,5746.0,7.03,12.0,7.0,54.0,5.0,-15.0,21.0,,5190430
38.6285,-120.9491,-2.0,-10.0,3.0,165.0,0.5,,,7033.0,5.99,23.0,15.0,257.0,6.0,-15.0,19.0,,5190431
38.6665,-120.8939,-2.0,-10.0,5.0,425.0,1.7,,,2443.0,3.19,30.0,7.0,79.0,4.0,-15.0,9.0,,5190432
38.6449,-120.9078,2.0,-10.0,2.0,462.0,0.8,,,4389.0,6.22,9.0,19.0,225.0,-4.0,-15.0,25.0,,5190433
38.63,-120.9164,2.0,-10.0,2.0,364.0,0.5,,,5368.0,5.84,9.0,16.0,297.0,4.0,-15.0,25.0,,5190434
38.6182,-120.9292,-2.0,-10.0,3.0,313.0,0.7,,,4540.0,5.31,15.0,18.0,227.0,5.0,-15.0,24.0,,5190435
38.5799,-120.9101,-2.0,-10.0,2.0,871.0,0.4,,,7244.0,5.88,7.0,20.0,224.0,5.0,-15.0,26.0,,5190436
38.5964,-120.8997,-2.0,-10.0,-2.0,751.0,0.4,,,7348.0,5.94,6.0,21.0,230.0,-4.0,-15.0,27.0,,5190437
38.5844,-120.9478,-2.0,25.0,14.0,900.0,1.3,,,7441.0,4.44,16.0,14.0,158.0,15.0,-15.0,14.0,,5190438
38.5702,-120.967,-2.0,-10.0,-2.0,525.0,0.5,,,5294.0,6.45,12.0,15.0,363.0,-4.0,-15.0,21.0,,5190439
38.57,-120.9926,-2.0,17.0,10.0,383.0,1.2,,,3352.0,5.05,17.0,14.0,63.0,-4.0,-15.0,25.0,,5190440
38.5496,-120.9763,9.0,-10.0,4.0,152.0,1.1,,,1592.0,4.18,14.0,11.0,19.0,-4.0,-15.0,34.0,,5190441
38.6001,-120.9587,2.0,15.0,5.0,385.0,0.7,,,10767.0,8.15,21.0,29.0,186.0,8.0,-15.0,29.0,,5190442
38.533,-120.9578,-2.0,10.0,3.0,203.0,0.9,,,1586.0,3.24,9.0,12.0,23.0,-4.0,19.0,20.0,,5190444
38.5079,-120.9454,4.0,-10.0,5.0,293.0,0.8,,,4675.0,6.12,13.0,16.0,40.0,4.0,-15.0,22.0,,5190445
38.5134,-120.9234,-2.0,-10.0,2.0,247.0,0.8,,,6668.0,5.69,13.0,23.0,198.0,5.0,-15.0,26.0,,5190446
38.5203,-120.9804,3.0,46.0,26.0,434.0,1.7,,,3500.0,4.51,45.0,20.0,23.0,6.0,-15.0,18.0,,5190447
38.5489,-120.9091,2.0,-10.0,5.0,462.0,0.8,,,7590.0,7.42,11.0,21.0,524.0,6.0,-15.0,26.0,,5190449
38.6172,-120.8502,11.0,33.0,16.0,297.0,1.9,,,5576.0,6.06,55.0,19.0,85.0,9.0,-15.0,17.0,,5190450
38.5942,-120.8451,9.0,37.0,22.0,743.0,2.9,,,3211.0,4.12,75.0,14.0,121.0,8.0,-15.0,14.0,,5190451
38.5931,-120.8096,8.0,49.0,43.0,438.0,3.1,,,3197.0,3.5,33.0,32.0,34.0,9.0,-15.0,11.0,,5190452
38.5994,-120.7802,11.0,54.0,44.0,447.0,3.2,,,3193.0,3.44,33.0,32.0,35.0,9.0,-15.0,11.0,,5190453
38.5785,-120.8012,7.0,32.0,16.0,171.0,1.8,,,2811.0,1.79,35.0,9.0,30.0,8.0,-15.0,7.0,,5190454
38.5748,-120.8439,9.0,40.0,24.0,480.0,3.0,,,4392.0,4.81,69.0,18.0,137.0,10.0,-15.0,18.0,,5190455
38.5497,-120.8477,3.0,14.0,8.0,649.0,3.9,,,5555.0,6.86,50.0,16.0,332.0,6.0,-15.0,37.0,,5190456
38.5259,-120.8473,6.0,43.0,27.0,649.0,2.7,,,4663.0,6.24,61.0,23.0,189.0,7.0,-15.0,25.0,,5190457
38.5023,-120.8483,6.0,42.0,22.0,495.0,2.5,,,4025.0,4.49,68.0,13.0,105.0,8.0,-15.0,15.0,,5190458
38.5158,-120.8227,4.0,25.0,16.0,405.0,2.6,,,2944.0,4.08,12.0,15.0,10.0,8.0,-15.0,11.0,,5190459
38.5349,-120.8194,8.0,14.0,6.0,243.0,2.4,,,2324.0,3.69,15.0,14.0,17.0,8.0,-15.0,13.0,,5190460
38.5188,-120.8007,4.0,24.0,9.0,218.0,5.8,,,2714.0,4.17,65.0,18.0,15.0,11.0,17.0,16.0,,5190461
38.5324,-120.7648,-2.0,28.0,17.0,480.0,4.3,,,3599.0,4.36,33.0,17.0,38.0,9.0,-15.0,13.0,,5190462
38.5128,-120.7561,-2.0,17.0,8.0,188.0,5.7,,,3151.0,3.74,45.0,17.0,18.0,8.0,-15.0,13.0,,5190463
38.724,-120.7366,2.0,26.0,13.0,310.0,1.5,,,3892.0,5.66,23.0,16.0,213.0,7.0,-15.0,19.0,,5190464
38.7179,-120.7163,2.0,43.0,21.0,268.0,2.3,,,5557.0,5.96,47.0,21.0,122.0,9.0,-15.0,20.0,,5190465
38.7081,-120.6944,13.0,49.0,32.0,344.0,3.4,,,6339.0,5.33,59.0,25.0,85.0,18.0,-15.0,20.0,,5190466
38.7408,-120.6955,10.0,52.0,27.0,792.0,3.1,,,7426.0,7.04,158.0,11.0,69.0,12.0,-15.0,18.0,,5190467
38.7448,-120.651,6.0,66.0,29.0,616.0,4.2,,,7831.0,7.55,176.0,10.0,50.0,13.0,-15.0,19.0,,5190468
38.7021,-120.6531,9.0,46.0,26.0,785.0,4.2,,,7570.0,5.99,124.0,15.0,89.0,13.0,-15.0,15.0,,5190469
38.6758,-120.6935,12.0,62.0,26.0,273.0,4.6,,,4346.0,3.93,48.0,9.0,64.0,15.0,-15.0,11.0,,5190470
38.6845,-120.6325,6.0,47.0,26.0,669.0,2.9,,,12726.0,7.04,39.0,21.0,267.0,19.0,-15.0,20.0,,5190471
38.6746,-120.6661,15.0,40.0,23.0,299.0,2.9,,,5608.0,5.09,28.0,20.0,69.0,10.0,-15.0,16.0,,5190472
38.6403,-120.654,-2.0,22.0,16.0,233.0,2.0,,,4318.0,4.32,15.0,13.0,45.0,9.0,-15.0,12.0,,5190473
38.6285,-120.6993,4.0,30.0,16.0,200.0,4.6,,,2009.0,2.52,8.0,9.0,32.0,6.0,-15.0,12.0,,5190475
38.6036,-120.6627,12.0,25.0,16.0,101.0,4.6,,,2434.0,2.81,27.0,13.0,25.0,7.0,-15.0,10.0,,5190476
38.6045,-120.6363,4.0,35.0,23.0,248.0,3.0,,,3943.0,4.25,16.0,16.0,43.0,10.0,-15.0,14.0,,5190477
38.5738,-120.6618,2.0,37.0,22.0,998.0,3.3,,,4840.0,4.97,26.0,19.0,46.0,8.0,-15.0,14.0,,5190478
38.5708,-120.69,4.0,32.0,16.0,285.0,2.9,,,7968.0,6.04,17.0,18.0,125.0,14.0,-15.0,24.0,,5190479
38.5623,-120.7216,-2.0,22.0,13.0,405.0,1.3,,,6645.0,7.01,25.0,15.0,207.0,9.0,-15.0,20.0,,5190480
38.5854,-120.7343,9.0,24.0,10.0,887.0,2.0,,,6352.0,6.06,20.0,12.0,120.0,9.0,-15.0,19.0,,5190481
38.5969,-120.7217,7.0,38.0,19.0,979.0,2.1,,,4898.0,5.12,20.0,19.0,43.0,10.0,-15.0,15.0,,5190482
38.6093,-120.6993,10.0,45.0,25.0,882.0,3.0,,,4162.0,4.12,22.0,14.0,59.0,8.0,-15.0,13.0,,5190483
38.6323,-120.7208,8.0,29.0,12.0,464.0,3.4,,,3687.0,4.2,17.0,19.0,44.0,8.0,-15.0,17.0,,5190484
38.6465,-120.6917,16.0,39.0,18.0,544.0,4.2,,,4119.0,3.87,22.0,16.0,56.0,11.0,-15.0,15.0,,5190485
38.6794,-120.7361,3.0,38.0,24.0,365.0,2.5,,,6372.0,4.98,39.0,18.0,106.0,17.0,-15.0,14.0,,5190486
38.5547,-120.724,4.0,28.0,12.0,241.0,2.1,,,5456.0,5.03,19.0,20.0,100.0,12.0,-15.0,19.0,,5190487
38.5486,-120.6971,12.0,63.0,38.0,255.0,2.6,,,7238.0,6.48,18.0,23.0,160.0,21.0,-15.0,18.0,,5190488
38.5511,-120.6629,3.0,24.0,12.0,555.0,2.3,,,17716.0,6.47,30.0,14.0,81.0,28.0,-15.0,15.0,,5190489
38.5265,-120.6856,3.0,30.0,13.0,599.0,1.6,,,7766.0,6.11,29.0,20.0,97.0,12.0,-15.0,22.0,,5190490
38.5227,-120.7116,5.0,30.0,23.0,241.0,2.3,,,8565.0,5.04,35.0,23.0,109.0,12.0,-15.0,18.0,,5190491
38.52,-120.7335,6.0,35.0,23.0,261.0,2.3,,,8794.0,6.18,22.0,21.0,247.0,17.0,-15.0,19.0,,5190492
38.5772,-120.637,9.0,67.0,34.0,1263.0,3.9,,,6208.0,6.11,121.0,19.0,65.0,11.0,-15.0,15.0,,5190493
38.5781,-120.5951,8.0,74.0,31.0,716.0,3.8,,,7016.0,6.85,135.0,18.0,56.0,11.0,-15.0,17.0,,5190494
38.5756,-120.5583,15.0,53.0,25.0,563.0,7.4,,,7979.0,6.09,63.0,14.0,93.0,19.0,-15.0,17.0,,5190495
38.5559,-120.5423,6.0,74.0,40.0,812.0,3.4,,,7931.0,7.66,175.0,20.0,54.0,10.0,-15.0,24.0,,5190496
38.5496,-120.5178,7.0,85.0,43.0,1083.0,3.5,,,7862.0,7.65,173.0,29.0,64.0,10.0,-15.0,27.0,,5190497
38.567,-120.5293,12.0,62.0,27.0,631.0,3.8,,,6897.0,6.91,37.0,22.0,63.0,13.0,-15.0,24.0,,5190498
38.5956,-120.5976,-2.0,54.0,26.0,1201.0,3.6,,,8610.0,7.07,123.0,13.0,88.0,13.0,-15.0,17.0,,5190499
38.6195,-120.6016,14.0,40.0,20.0,164.0,5.3,,,2852.0,3.59,28.0,18.0,42.0,6.0,-15.0,16.0,,5190500
38.6211,-120.5747,7.0,38.0,20.0,315.0,4.0,,,4383.0,4.35,27.0,14.0,53.0,10.0,-15.0,13.0,,5190501
38.6972,-120.6032,11.0,33.0,12.0,554.0,3.4,,,3992.0,3.56,52.0,7.0,58.0,11.0,-15.0,10.0,,5190502
38.7181,-120.5774,7.0,76.0,33.0,657.0,4.7,,,7358.0,7.03,156.0,23.0,64.0,12.0,-15.0,20.0,,5190503
38.7359,-120.5703,5.0,86.0,32.0,763.0,4.1,,,8516.0,8.42,187.0,22.0,56.0,12.0,-15.0,25.0,,5190504
38.7381,-120.5945,4.0,58.0,28.0,843.0,3.0,,,8344.0,7.94,146.0,12.0,37.0,10.0,-15.0,19.0,,5190505
38.7134,-120.5595,15.0,86.0,37.0,652.0,4.4,,,5822.0,5.87,128.0,13.0,49.0,11.0,-15.0,18.0,,5190506
38.7165,-120.5357,8.0,76.0,34.0,524.0,4.1,,,7323.0,7.14,163.0,19.0,54.0,11.0,23.0,23.0,,5190507
38.7306,-120.5157,11.0,73.0,31.0,588.0,3.6,,,7055.0,7.43,182.0,7.0,34.0,10.0,-15.0,24.0,,5190508
38.7044,-120.5218,17.0,89.0,35.0,361.0,4.9,,,6191.0,5.83,73.0,11.0,216.0,25.0,-15.0,21.0,,5190509
38.6805,-120.5261,20.0,81.0,29.0,351.0,5.0,,,6140.0,5.67,70.0,9.0,215.0,23.0,-15.0,20.0,,5190510
38.6743,-120.5561,85.0,89.0,39.0,264.0,3.8,,,5099.0,4.81,72.0,15.0,92.0,42.0,64.0,17.0,,5190511
38.6637,-120.5771,76.0,59.0,29.0,244.0,4.0,,,4418.0,3.67,75.0,12.0,71.0,35.0,70.0,13.0,,5190512
38.6555,-120.5987,7.0,41.0,19.0,169.0,3.6,,,3981.0,3.24,60.0,8.0,52.0,14.0,-15.0,10.0,,5190513
38.6329,-120.5643,-2.0,26.0,15.0,276.0,3.7,,,4444.0,4.04,28.0,13.0,59.0,10.0,-15.0,14.0,,5190514
38.6475,-120.5435,8.0,56.0,28.0,412.0,4.2,,,6023.0,5.96,27.0,13.0,95.0,16.0,-15.0,17.0,,5190515
38.639,-120.5246,4.0,77.0,28.0,916.0,4.1,,,6742.0,6.56,188.0,14.0,37.0,9.0,-15.0,18.0,,5190516
38.5405,-120.6018,-2.0,52.0,24.0,950.0,3.4,,,12207.0,9.26,42.0,20.0,191.0,21.0,-15.0,24.0,,5190517
38.5216,-120.5983,3.0,50.0,25.0,919.0,3.6,,,12360.0,9.3,43.0,20.0,190.0,20.0,-15.0,24.0,,5190518
38.5203,-120.5566,5.0,29.0,16.0,714.0,3.1,,,8962.0,7.4,115.0,6.0,79.0,12.0,-15.0,14.0,,5190519
38.5165,-120.5143,10.0,46.0,24.0,704.0,3.1,,,9055.0,7.52,115.0,9.0,81.0,13.0,-15.0,16.0,,5190520
38.7345,-120.4767,9.0,36.0,21.0,672.0,4.4,,,6090.0,5.28,115.0,12.0,47.0,8.0,-15.0,13.0,,5190521
38.7354,-120.4574,4.0,33.0,18.0,453.0,3.9,,,5528.0,4.95,112.0,10.0,40.0,9.0,-15.0,11.0,,5190522
38.7323,-120.4227,7.0,36.0,19.0,1022.0,2.8,,,5101.0,4.47,104.0,11.0,26.0,7.0,-15.0,10.0,,5190523
38.7142,-120.4807,14.0,28.0,10.0,440.0,4.1,,,5553.0,5.34,46.0,3.0,85.0,14.0,-15.0,15.0,,5190525
38.7019,-120.455,4.0,30.0,14.0,489.0,5.6,,,5603.0,5.27,57.0,10.0,69.0,17.0,-15.0,13.0,,5190526
38.7061,-120.4232,7.0,47.0,22.0,1319.0,2.3,,,4831.0,4.67,112.0,12.0,31.0,7.0,-15.0,12.0,,5190527
38.6842,-120.4009,10.0,54.0,24.0,785.0,3.7,,,6700.0,5.69,135.0,15.0,43.0,10.0,-15.0,16.0,,5190529
38.6779,-120.4215,15.0,35.0,21.0,714.0,5.2,,,4958.0,4.53,38.0,12.0,50.0,11.0,-15.0,12.0,,5190530
38.6831,-120.448,2.0,26.0,15.0,1115.0,2.7,,,5730.0,4.94,89.0,11.0,47.0,7.0,-15.0,12.0,,5190531
38.6842,-120.4735,5.0,35.0,17.0,785.0,2.5,,,6225.0,5.77,78.0,11.0,96.0,10.0,-15.0,16.0,,5190532
38.651,-120.4307,8.0,40.0,20.0,379.0,7.5,,,15868.0,7.32,110.0,12.0,44.0,53.0,-15.0,13.0,,5190533
38.6519,-120.4539,8.0,34.0,20.0,1106.0,2.6,,,7437.0,6.7,139.0,15.0,49.0,8.0,15.0,15.0,,5190534
38.6528,-120.479,11.0,46.0,12.0,720.0,4.9,,,5550.0,5.1,37.0,4.0,64.0,18.0,-15.0,14.0,,5190535
38.5988,-120.4201,5.0,45.0,25.0,1110.0,2.5,,,7119.0,6.47,143.0,16.0,50.0,8.0,24.0,17.0,,5190569
38.6091,-120.4546,13.0,81.0,27.0,1314.0,3.3,,,8469.0,8.51,203.0,12.0,42.0,10.0,-15.0,25.0,,5190570
38.6035,-120.4757,8.0,34.0,19.0,846.0,2.5,,,10610.0,7.4,107.0,11.0,50.0,18.0,-15.0,17.0,,5190571
38.5766,-120.4207,3.0,31.0,21.0,1352.0,2.5,,,7008.0,6.26,155.0,12.0,60.0,6.0,-15.0,15.0,,5190573
38.5794,-120.4512,7.0,44.0,24.0,682.0,2.9,,,7565.0,6.77,141.0,12.0,81.0,9.0,-15.0,20.0,,5190574
38.5817,-120.4827,3.0,45.0,29.0,909.0,3.8,,,9241.0,6.96,172.0,12.0,39.0,14.0,20.0,16.0,,5190575
38.5474,-120.45,5.0,61.0,31.0,3046.0,1.6,,,17860.0,8.26,65.0,22.0,39.0,24.0,-15.0,18.0,,5190576
38.546,-120.4292,12.0,50.0,24.0,987.0,3.2,,,7588.0,6.81,149.0,14.0,42.0,10.0,-15.0,15.0,,5190577
38.5444,-120.4822,2.0,17.0,6.0,578.0,3.3,,,8075.0,6.56,165.0,6.0,50.0,8.0,-15.0,14.0,,5190578
38.52,-120.454,-2.0,23.0,13.0,702.0,2.1,,,6846.0,5.84,135.0,6.0,33.0,12.0,-15.0,10.0,,5190579
38.5136,-120.4833,7.0,12.0,7.0,740.0,1.9,,,5634.0,4.8,121.0,3.0,48.0,10.0,-15.0,8.0,,5190580
38.5273,-120.4317,11.0,51.0,21.0,657.0,3.2,,,7294.0,5.83,178.0,13.0,23.0,9.0,-15.0,16.0,,5190581
